author,post,content
24,475,Maecenas rhoncus aliquam lacus.
53,63,Maecenas rhoncus aliquam lacus.
94,293,"Sed sagittis. Nam congue, risus semper porta volutpat, quam pede lobortis ligula, sit amet eleifend pede libero quis orci. Nullam molestie nibh in lectus."
19,454,"Nam ultrices, libero non mattis pulvinar, nulla pede ullamcorper augue, a suscipit nulla elit ac nulla."
13,479,In eleifend quam a odio. In hac habitasse platea dictumst. Maecenas ut massa quis augue luctus tincidunt.
100,22,"In hac habitasse platea dictumst. Morbi vestibulum, velit id pretium iaculis, diam erat fermentum justo, nec condimentum neque sapien placerat ante."
80,455,Proin eu mi. Nulla ac enim.
70,182,Aenean auctor gravida sem. Praesent id massa id nisl venenatis lacinia.
62,118,"Lorem ipsum dolor sit amet, consectetuer adipiscing elit."
11,433,Quisque ut erat. Curabitur gravida nisi at nibh.
13,68,Pellentesque eget nunc.
97,125,Donec quis orci eget orci vehicula condimentum. Curabitur in libero ut massa volutpat convallis.
26,453,Etiam justo. Etiam pretium iaculis justo.
71,490,"Lorem ipsum dolor sit amet, consectetuer adipiscing elit. Proin interdum mauris non ligula pellentesque ultrices."
78,300,Nunc rhoncus dui vel sem. Sed sagittis.
55,403,Sed ante. Vivamus tortor. Duis mattis egestas metus.
14,356,"Fusce lacus purus, aliquet at, feugiat non, pretium quis, lectus. Suspendisse potenti. In eleifend quam a odio."
50,315,"Curabitur in libero ut massa volutpat convallis. Morbi odio odio, elementum eu, interdum eu, tincidunt in, leo. Maecenas pulvinar lobortis est."
47,377,"Maecenas rhoncus aliquam lacus. Morbi quis tortor id nulla ultrices aliquet. Maecenas leo odio, condimentum id, luctus nec, molestie sed, justo."
75,79,"Integer pede justo, lacinia eget, tincidunt eget, tempus vel, pede. Morbi porttitor lorem id ligula. Suspendisse ornare consequat lectus."
17,100,Nulla tempus.
83,421,"Lorem ipsum dolor sit amet, consectetuer adipiscing elit. Proin risus."
77,390,Donec ut dolor. Morbi vel lectus in quam fringilla rhoncus.
70,274,Donec ut dolor.
41,4,Integer a nibh. In quis justo. Maecenas rhoncus aliquam lacus.
67,124,"Integer aliquet, massa id lobortis convallis, tortor risus dapibus augue, vel accumsan tellus nisi eu orci."
77,122,"In tempor, turpis nec euismod scelerisque, quam turpis adipiscing lorem, vitae mattis nibh ligula nec sem. Duis aliquam convallis nunc."
100,309,Duis aliquam convallis nunc. Proin at turpis a pede posuere nonummy. Integer non velit.
22,10,Etiam pretium iaculis justo.
60,136,Morbi ut odio.
95,328,Cras pellentesque volutpat dui.
33,162,Maecenas rhoncus aliquam lacus. Morbi quis tortor id nulla ultrices aliquet.
75,236,Nullam varius. Nulla facilisi.
93,279,"Cum sociis natoque penatibus et magnis dis parturient montes, nascetur ridiculus mus."
53,136,Ut tellus.
71,394,Aliquam quis turpis eget elit sodales scelerisque. Mauris sit amet eros. Suspendisse accumsan tortor quis turpis.
9,306,Etiam pretium iaculis justo. In hac habitasse platea dictumst. Etiam faucibus cursus urna.
82,315,"Duis bibendum, felis sed interdum venenatis, turpis enim blandit mi, in porttitor pede justo eu massa. Donec dapibus."
21,477,"Cras pellentesque volutpat dui. Maecenas tristique, est et tempus semper, est quam pharetra magna, ac consequat metus sapien ut nunc."
31,472,Suspendisse potenti. Nullam porttitor lacus at turpis. Donec posuere metus vitae ipsum.
66,10,Donec semper sapien a libero. Nam dui.
73,308,Curabitur gravida nisi at nibh. In hac habitasse platea dictumst.
30,312,"Donec odio justo, sollicitudin ut, suscipit a, feugiat et, eros. Vestibulum ac est lacinia nisi venenatis tristique. Fusce congue, diam id ornare imperdiet, sapien urna pretium nisl, ut volutpat sapien arcu sed augue."
61,282,"Phasellus id sapien in sapien iaculis congue. Vivamus metus arcu, adipiscing molestie, hendrerit at, vulputate vitae, nisl."
69,434,Quisque id justo sit amet sapien dignissim vestibulum.
28,182,Aliquam quis turpis eget elit sodales scelerisque. Mauris sit amet eros. Suspendisse accumsan tortor quis turpis.
77,384,Vivamus vestibulum sagittis sapien.
37,289,Nunc rhoncus dui vel sem. Sed sagittis.
75,468,"Phasellus id sapien in sapien iaculis congue. Vivamus metus arcu, adipiscing molestie, hendrerit at, vulputate vitae, nisl."
25,376,In hac habitasse platea dictumst. Maecenas ut massa quis augue luctus tincidunt. Nulla mollis molestie lorem.
37,416,Maecenas ut massa quis augue luctus tincidunt. Nulla mollis molestie lorem.
80,216,"Fusce posuere felis sed lacus. Morbi sem mauris, laoreet ut, rhoncus aliquet, pulvinar sed, nisl."
61,434,"Lorem ipsum dolor sit amet, consectetuer adipiscing elit. Proin risus."
53,324,"Vestibulum ante ipsum primis in faucibus orci luctus et ultrices posuere cubilia Curae; Donec pharetra, magna vestibulum aliquet ultrices, erat tortor sollicitudin mi, sit amet lobortis sapien sapien non mi. Integer ac neque."
97,377,Cras pellentesque volutpat dui.
81,309,Nunc rhoncus dui vel sem. Sed sagittis.
51,123,In congue. Etiam justo.
19,218,Pellentesque ultrices mattis odio. Donec vitae nisi.
41,16,Suspendisse potenti. Nullam porttitor lacus at turpis.
13,22,Phasellus in felis.
70,326,In congue. Etiam justo.
61,422,"Nam congue, risus semper porta volutpat, quam pede lobortis ligula, sit amet eleifend pede libero quis orci."
34,334,Ut at dolor quis odio consequat varius.
85,233,Donec vitae nisi.
61,374,Nullam porttitor lacus at turpis.
16,11,"Donec vitae nisi. Nam ultrices, libero non mattis pulvinar, nulla pede ullamcorper augue, a suscipit nulla elit ac nulla. Sed vel enim sit amet nunc viverra dapibus."
50,383,Quisque id justo sit amet sapien dignissim vestibulum. Vestibulum ante ipsum primis in faucibus orci luctus et ultrices posuere cubilia Curae; Nulla dapibus dolor vel est.
12,115,Suspendisse potenti. Nullam porttitor lacus at turpis. Donec posuere metus vitae ipsum.
84,118,"Morbi sem mauris, laoreet ut, rhoncus aliquet, pulvinar sed, nisl."
46,447,Sed vel enim sit amet nunc viverra dapibus. Nulla suscipit ligula in lacus.
30,282,Praesent blandit.
27,345,Mauris sit amet eros.
70,49,"Duis ac nibh. Fusce lacus purus, aliquet at, feugiat non, pretium quis, lectus."
64,435,Pellentesque viverra pede ac diam.
70,133,"In hac habitasse platea dictumst. Aliquam augue quam, sollicitudin vitae, consectetuer eget, rutrum at, lorem."
16,235,"Vivamus vel nulla eget eros elementum pellentesque. Quisque porta volutpat erat. Quisque erat eros, viverra eget, congue eget, semper rutrum, nulla."
26,462,"Cum sociis natoque penatibus et magnis dis parturient montes, nascetur ridiculus mus."
75,225,"Nam ultrices, libero non mattis pulvinar, nulla pede ullamcorper augue, a suscipit nulla elit ac nulla."
59,296,Curabitur gravida nisi at nibh.
57,32,Morbi a ipsum. Integer a nibh. In quis justo.
78,338,"Donec odio justo, sollicitudin ut, suscipit a, feugiat et, eros. Vestibulum ac est lacinia nisi venenatis tristique. Fusce congue, diam id ornare imperdiet, sapien urna pretium nisl, ut volutpat sapien arcu sed augue."
81,303,"Pellentesque viverra pede ac diam. Cras pellentesque volutpat dui. Maecenas tristique, est et tempus semper, est quam pharetra magna, ac consequat metus sapien ut nunc."
52,418,"Mauris ullamcorper purus sit amet nulla. Quisque arcu libero, rutrum ac, lobortis vel, dapibus at, diam."
93,2,"Cras pellentesque volutpat dui. Maecenas tristique, est et tempus semper, est quam pharetra magna, ac consequat metus sapien ut nunc. Vestibulum ante ipsum primis in faucibus orci luctus et ultrices posuere cubilia Curae; Mauris viverra diam vitae quam."
25,349,"Nullam orci pede, venenatis non, sodales sed, tincidunt eu, felis. Fusce posuere felis sed lacus. Morbi sem mauris, laoreet ut, rhoncus aliquet, pulvinar sed, nisl."
88,187,Cras non velit nec nisi vulputate nonummy. Maecenas tincidunt lacus at velit.
7,378,"Donec diam neque, vestibulum eget, vulputate ut, ultrices vel, augue. Vestibulum ante ipsum primis in faucibus orci luctus et ultrices posuere cubilia Curae; Donec pharetra, magna vestibulum aliquet ultrices, erat tortor sollicitudin mi, sit amet lobortis sapien sapien non mi. Integer ac neque."
99,326,Suspendisse accumsan tortor quis turpis. Sed ante.
54,432,Integer a nibh. In quis justo. Maecenas rhoncus aliquam lacus.
96,36,"Proin risus. Praesent lectus. Vestibulum quam sapien, varius ut, blandit non, interdum in, ante."
41,302,Morbi non quam nec dui luctus rutrum.
72,70,Maecenas pulvinar lobortis est. Phasellus sit amet erat. Nulla tempus.
94,6,"Morbi sem mauris, laoreet ut, rhoncus aliquet, pulvinar sed, nisl. Nunc rhoncus dui vel sem. Sed sagittis."
46,242,Pellentesque eget nunc.
51,419,"Mauris ullamcorper purus sit amet nulla. Quisque arcu libero, rutrum ac, lobortis vel, dapibus at, diam."
61,314,"In hac habitasse platea dictumst. Morbi vestibulum, velit id pretium iaculis, diam erat fermentum justo, nec condimentum neque sapien placerat ante."
68,264,Vivamus tortor. Duis mattis egestas metus. Aenean fermentum.
27,181,"Nulla neque libero, convallis eget, eleifend luctus, ultricies eu, nibh. Quisque id justo sit amet sapien dignissim vestibulum."
45,184,Aenean fermentum. Donec ut mauris eget massa tempor convallis.
16,300,"Phasellus id sapien in sapien iaculis congue. Vivamus metus arcu, adipiscing molestie, hendrerit at, vulputate vitae, nisl."
69,293,"Aliquam augue quam, sollicitudin vitae, consectetuer eget, rutrum at, lorem. Integer tincidunt ante vel ipsum. Praesent blandit lacinia erat."
71,26,"Aliquam augue quam, sollicitudin vitae, consectetuer eget, rutrum at, lorem. Integer tincidunt ante vel ipsum. Praesent blandit lacinia erat."
55,278,Phasellus in felis.
76,434,Etiam justo. Etiam pretium iaculis justo.
96,53,Praesent blandit lacinia erat.
8,39,"Integer non velit. Donec diam neque, vestibulum eget, vulputate ut, ultrices vel, augue."
39,401,"Fusce lacus purus, aliquet at, feugiat non, pretium quis, lectus. Suspendisse potenti. In eleifend quam a odio."
36,461,Donec posuere metus vitae ipsum. Aliquam non mauris.
95,164,"Fusce congue, diam id ornare imperdiet, sapien urna pretium nisl, ut volutpat sapien arcu sed augue. Aliquam erat volutpat. In congue."
38,302,"In est risus, auctor sed, tristique in, tempus sit amet, sem. Fusce consequat. Nulla nisl."
53,392,Vestibulum ante ipsum primis in faucibus orci luctus et ultrices posuere cubilia Curae; Duis faucibus accumsan odio. Curabitur convallis.
65,307,"Nunc rhoncus dui vel sem. Sed sagittis. Nam congue, risus semper porta volutpat, quam pede lobortis ligula, sit amet eleifend pede libero quis orci."
23,221,Vestibulum ac est lacinia nisi venenatis tristique.
86,227,"Fusce congue, diam id ornare imperdiet, sapien urna pretium nisl, ut volutpat sapien arcu sed augue. Aliquam erat volutpat. In congue."
55,357,"Lorem ipsum dolor sit amet, consectetuer adipiscing elit. Proin risus."
91,76,Aenean fermentum.
56,353,Proin risus. Praesent lectus.
66,314,Vivamus tortor. Duis mattis egestas metus. Aenean fermentum.
67,379,Maecenas ut massa quis augue luctus tincidunt. Nulla mollis molestie lorem.
82,348,Vivamus in felis eu sapien cursus vestibulum.
94,444,"Quisque erat eros, viverra eget, congue eget, semper rutrum, nulla."
61,259,Aenean sit amet justo.
22,366,Aliquam erat volutpat. In congue.
35,10,Praesent blandit lacinia erat.
59,211,Sed accumsan felis. Ut at dolor quis odio consequat varius.
78,90,"Morbi vel lectus in quam fringilla rhoncus. Mauris enim leo, rhoncus sed, vestibulum sit amet, cursus id, turpis."
58,222,Aliquam non mauris. Morbi non lectus.
49,184,Suspendisse accumsan tortor quis turpis.
80,350,Vestibulum sed magna at nunc commodo placerat.
65,197,Fusce consequat. Nulla nisl. Nunc nisl.
28,497,"Proin risus. Praesent lectus. Vestibulum quam sapien, varius ut, blandit non, interdum in, ante."
59,498,"Nulla neque libero, convallis eget, eleifend luctus, ultricies eu, nibh. Quisque id justo sit amet sapien dignissim vestibulum. Vestibulum ante ipsum primis in faucibus orci luctus et ultrices posuere cubilia Curae; Nulla dapibus dolor vel est."
22,212,Nulla mollis molestie lorem. Quisque ut erat.
74,44,"Fusce posuere felis sed lacus. Morbi sem mauris, laoreet ut, rhoncus aliquet, pulvinar sed, nisl."
23,338,"Morbi non lectus. Aliquam sit amet diam in magna bibendum imperdiet. Nullam orci pede, venenatis non, sodales sed, tincidunt eu, felis."
24,67,Phasellus sit amet erat. Nulla tempus. Vivamus in felis eu sapien cursus vestibulum.
25,235,Sed ante. Vivamus tortor. Duis mattis egestas metus.
33,334,Nulla justo.
20,362,"Maecenas tristique, est et tempus semper, est quam pharetra magna, ac consequat metus sapien ut nunc."
46,304,Nam tristique tortor eu pede.
9,63,Nunc purus. Phasellus in felis. Donec semper sapien a libero.
3,196,"Mauris ullamcorper purus sit amet nulla. Quisque arcu libero, rutrum ac, lobortis vel, dapibus at, diam."
37,231,"Duis at velit eu est congue elementum. In hac habitasse platea dictumst. Morbi vestibulum, velit id pretium iaculis, diam erat fermentum justo, nec condimentum neque sapien placerat ante."
30,389,"Fusce posuere felis sed lacus. Morbi sem mauris, laoreet ut, rhoncus aliquet, pulvinar sed, nisl."
37,463,Curabitur convallis.
74,311,Sed ante. Vivamus tortor.
33,61,Aliquam non mauris. Morbi non lectus. Aliquam sit amet diam in magna bibendum imperdiet.
45,186,Sed ante.
50,345,"Lorem ipsum dolor sit amet, consectetuer adipiscing elit. Proin risus."
31,254,Duis at velit eu est congue elementum.
74,376,"Proin leo odio, porttitor id, consequat in, consequat ut, nulla. Sed accumsan felis. Ut at dolor quis odio consequat varius."
90,303,Integer a nibh. In quis justo. Maecenas rhoncus aliquam lacus.
15,121,Etiam pretium iaculis justo. In hac habitasse platea dictumst. Etiam faucibus cursus urna.
86,302,"Nam congue, risus semper porta volutpat, quam pede lobortis ligula, sit amet eleifend pede libero quis orci. Nullam molestie nibh in lectus."
71,308,"Proin leo odio, porttitor id, consequat in, consequat ut, nulla. Sed accumsan felis."
48,367,"Cum sociis natoque penatibus et magnis dis parturient montes, nascetur ridiculus mus. Vivamus vestibulum sagittis sapien. Cum sociis natoque penatibus et magnis dis parturient montes, nascetur ridiculus mus."
16,233,Aenean lectus. Pellentesque eget nunc.
45,42,"Nam nulla. Integer pede justo, lacinia eget, tincidunt eget, tempus vel, pede."
100,54,"Nunc rhoncus dui vel sem. Sed sagittis. Nam congue, risus semper porta volutpat, quam pede lobortis ligula, sit amet eleifend pede libero quis orci."
76,459,"Vivamus vel nulla eget eros elementum pellentesque. Quisque porta volutpat erat. Quisque erat eros, viverra eget, congue eget, semper rutrum, nulla."
16,102,Nulla mollis molestie lorem. Quisque ut erat.
44,62,"Fusce congue, diam id ornare imperdiet, sapien urna pretium nisl, ut volutpat sapien arcu sed augue. Aliquam erat volutpat."
50,362,Nullam porttitor lacus at turpis. Donec posuere metus vitae ipsum. Aliquam non mauris.
65,115,Integer ac leo.
10,473,Nullam varius. Nulla facilisi.
39,328,Nullam molestie nibh in lectus.
19,463,Duis aliquam convallis nunc. Proin at turpis a pede posuere nonummy. Integer non velit.
99,215,"Nulla ac enim. In tempor, turpis nec euismod scelerisque, quam turpis adipiscing lorem, vitae mattis nibh ligula nec sem."
62,385,"Suspendisse ornare consequat lectus. In est risus, auctor sed, tristique in, tempus sit amet, sem."
94,377,Vivamus vel nulla eget eros elementum pellentesque. Quisque porta volutpat erat.
59,104,"Morbi porttitor lorem id ligula. Suspendisse ornare consequat lectus. In est risus, auctor sed, tristique in, tempus sit amet, sem."
31,264,"Nullam orci pede, venenatis non, sodales sed, tincidunt eu, felis."
91,295,"Integer aliquet, massa id lobortis convallis, tortor risus dapibus augue, vel accumsan tellus nisi eu orci. Mauris lacinia sapien quis libero."
60,26,"Morbi odio odio, elementum eu, interdum eu, tincidunt in, leo."
30,439,Ut at dolor quis odio consequat varius. Integer ac leo. Pellentesque ultrices mattis odio.
50,212,Proin interdum mauris non ligula pellentesque ultrices. Phasellus id sapien in sapien iaculis congue.
46,101,"Nulla nisl. Nunc nisl. Duis bibendum, felis sed interdum venenatis, turpis enim blandit mi, in porttitor pede justo eu massa."
30,24,Sed ante. Vivamus tortor.
98,264,"Nulla ac enim. In tempor, turpis nec euismod scelerisque, quam turpis adipiscing lorem, vitae mattis nibh ligula nec sem."
83,347,"Duis bibendum, felis sed interdum venenatis, turpis enim blandit mi, in porttitor pede justo eu massa."
59,247,"Aliquam sit amet diam in magna bibendum imperdiet. Nullam orci pede, venenatis non, sodales sed, tincidunt eu, felis. Fusce posuere felis sed lacus."
72,234,"Integer pede justo, lacinia eget, tincidunt eget, tempus vel, pede."
94,293,Morbi non quam nec dui luctus rutrum. Nulla tellus. In sagittis dui vel nisl.
78,43,"Aliquam sit amet diam in magna bibendum imperdiet. Nullam orci pede, venenatis non, sodales sed, tincidunt eu, felis."
33,367,Vestibulum ante ipsum primis in faucibus orci luctus et ultrices posuere cubilia Curae; Mauris viverra diam vitae quam. Suspendisse potenti.
92,308,"Donec diam neque, vestibulum eget, vulputate ut, ultrices vel, augue. Vestibulum ante ipsum primis in faucibus orci luctus et ultrices posuere cubilia Curae; Donec pharetra, magna vestibulum aliquet ultrices, erat tortor sollicitudin mi, sit amet lobortis sapien sapien non mi. Integer ac neque."
82,413,Duis aliquam convallis nunc. Proin at turpis a pede posuere nonummy.
36,200,Duis bibendum. Morbi non quam nec dui luctus rutrum. Nulla tellus.
6,285,"Quisque erat eros, viverra eget, congue eget, semper rutrum, nulla. Nunc purus. Phasellus in felis."
72,53,Vestibulum ante ipsum primis in faucibus orci luctus et ultrices posuere cubilia Curae; Nulla dapibus dolor vel est.
14,400,"Donec odio justo, sollicitudin ut, suscipit a, feugiat et, eros. Vestibulum ac est lacinia nisi venenatis tristique. Fusce congue, diam id ornare imperdiet, sapien urna pretium nisl, ut volutpat sapien arcu sed augue."
17,219,Ut tellus. Nulla ut erat id mauris vulputate elementum. Nullam varius.
55,86,Aliquam non mauris. Morbi non lectus. Aliquam sit amet diam in magna bibendum imperdiet.
10,334,Praesent id massa id nisl venenatis lacinia. Aenean sit amet justo.
62,23,"Vestibulum quam sapien, varius ut, blandit non, interdum in, ante. Vestibulum ante ipsum primis in faucibus orci luctus et ultrices posuere cubilia Curae; Duis faucibus accumsan odio. Curabitur convallis."
79,421,"Morbi sem mauris, laoreet ut, rhoncus aliquet, pulvinar sed, nisl. Nunc rhoncus dui vel sem. Sed sagittis."
84,209,"Vestibulum ante ipsum primis in faucibus orci luctus et ultrices posuere cubilia Curae; Donec pharetra, magna vestibulum aliquet ultrices, erat tortor sollicitudin mi, sit amet lobortis sapien sapien non mi. Integer ac neque."
35,23,Praesent blandit lacinia erat. Vestibulum sed magna at nunc commodo placerat. Praesent blandit.
43,1,Aenean lectus. Pellentesque eget nunc. Donec quis orci eget orci vehicula condimentum.
20,305,Proin interdum mauris non ligula pellentesque ultrices. Phasellus id sapien in sapien iaculis congue.
20,120,Duis mattis egestas metus. Aenean fermentum.
96,479,"Pellentesque viverra pede ac diam. Cras pellentesque volutpat dui. Maecenas tristique, est et tempus semper, est quam pharetra magna, ac consequat metus sapien ut nunc."
88,307,"Quisque porta volutpat erat. Quisque erat eros, viverra eget, congue eget, semper rutrum, nulla."
10,127,"Nulla ac enim. In tempor, turpis nec euismod scelerisque, quam turpis adipiscing lorem, vitae mattis nibh ligula nec sem."
85,342,"Nam congue, risus semper porta volutpat, quam pede lobortis ligula, sit amet eleifend pede libero quis orci. Nullam molestie nibh in lectus. Pellentesque at nulla."
53,452,Etiam justo. Etiam pretium iaculis justo.
27,391,Donec ut dolor.
99,156,"Praesent lectus. Vestibulum quam sapien, varius ut, blandit non, interdum in, ante. Vestibulum ante ipsum primis in faucibus orci luctus et ultrices posuere cubilia Curae; Duis faucibus accumsan odio."
52,414,"Vestibulum ac est lacinia nisi venenatis tristique. Fusce congue, diam id ornare imperdiet, sapien urna pretium nisl, ut volutpat sapien arcu sed augue."
16,337,"Aliquam sit amet diam in magna bibendum imperdiet. Nullam orci pede, venenatis non, sodales sed, tincidunt eu, felis. Fusce posuere felis sed lacus."
83,469,Vivamus tortor. Duis mattis egestas metus. Aenean fermentum.
81,269,"Lorem ipsum dolor sit amet, consectetuer adipiscing elit."
90,122,"In tempor, turpis nec euismod scelerisque, quam turpis adipiscing lorem, vitae mattis nibh ligula nec sem."
7,266,"Cras pellentesque volutpat dui. Maecenas tristique, est et tempus semper, est quam pharetra magna, ac consequat metus sapien ut nunc."
76,194,Nunc rhoncus dui vel sem.
67,65,Pellentesque at nulla. Suspendisse potenti.
36,484,Pellentesque at nulla. Suspendisse potenti.
27,59,Proin eu mi. Nulla ac enim.
88,50,"Morbi odio odio, elementum eu, interdum eu, tincidunt in, leo. Maecenas pulvinar lobortis est. Phasellus sit amet erat."
81,195,Fusce consequat. Nulla nisl. Nunc nisl.
73,20,Praesent blandit lacinia erat. Vestibulum sed magna at nunc commodo placerat. Praesent blandit.
80,206,"Duis bibendum, felis sed interdum venenatis, turpis enim blandit mi, in porttitor pede justo eu massa. Donec dapibus. Duis at velit eu est congue elementum."
32,423,Duis aliquam convallis nunc. Proin at turpis a pede posuere nonummy.
39,80,Etiam vel augue. Vestibulum rutrum rutrum neque.
95,125,Pellentesque at nulla.
20,174,"Quisque id justo sit amet sapien dignissim vestibulum. Vestibulum ante ipsum primis in faucibus orci luctus et ultrices posuere cubilia Curae; Nulla dapibus dolor vel est. Donec odio justo, sollicitudin ut, suscipit a, feugiat et, eros."
77,426,"Mauris ullamcorper purus sit amet nulla. Quisque arcu libero, rutrum ac, lobortis vel, dapibus at, diam."
20,461,Sed accumsan felis. Ut at dolor quis odio consequat varius. Integer ac leo.
38,79,Nulla ac enim.
26,310,"Maecenas rhoncus aliquam lacus. Morbi quis tortor id nulla ultrices aliquet. Maecenas leo odio, condimentum id, luctus nec, molestie sed, justo."
84,15,"Duis ac nibh. Fusce lacus purus, aliquet at, feugiat non, pretium quis, lectus. Suspendisse potenti."
60,253,Proin risus.
28,6,In eleifend quam a odio. In hac habitasse platea dictumst. Maecenas ut massa quis augue luctus tincidunt.
65,92,"Vivamus vestibulum sagittis sapien. Cum sociis natoque penatibus et magnis dis parturient montes, nascetur ridiculus mus. Etiam vel augue."
23,304,Nulla suscipit ligula in lacus.
92,415,Donec quis orci eget orci vehicula condimentum.
77,172,Donec posuere metus vitae ipsum.
82,465,Quisque ut erat. Curabitur gravida nisi at nibh.
48,457,Nulla mollis molestie lorem. Quisque ut erat. Curabitur gravida nisi at nibh.
4,330,"Sed sagittis. Nam congue, risus semper porta volutpat, quam pede lobortis ligula, sit amet eleifend pede libero quis orci."
80,99,Proin at turpis a pede posuere nonummy. Integer non velit.
73,308,"Maecenas leo odio, condimentum id, luctus nec, molestie sed, justo."
2,133,"Cum sociis natoque penatibus et magnis dis parturient montes, nascetur ridiculus mus. Etiam vel augue."
72,465,"Curabitur in libero ut massa volutpat convallis. Morbi odio odio, elementum eu, interdum eu, tincidunt in, leo."
87,212,"Cras mi pede, malesuada in, imperdiet et, commodo vulputate, justo."
29,427,Vivamus tortor. Duis mattis egestas metus. Aenean fermentum.
83,98,Praesent blandit lacinia erat. Vestibulum sed magna at nunc commodo placerat.
79,356,"Cras in purus eu magna vulputate luctus. Cum sociis natoque penatibus et magnis dis parturient montes, nascetur ridiculus mus. Vivamus vestibulum sagittis sapien."
97,214,Aenean lectus. Pellentesque eget nunc. Donec quis orci eget orci vehicula condimentum.
50,452,Quisque id justo sit amet sapien dignissim vestibulum. Vestibulum ante ipsum primis in faucibus orci luctus et ultrices posuere cubilia Curae; Nulla dapibus dolor vel est.
91,94,Quisque ut erat. Curabitur gravida nisi at nibh. In hac habitasse platea dictumst.
10,459,Nunc purus. Phasellus in felis.
24,316,Vestibulum ante ipsum primis in faucibus orci luctus et ultrices posuere cubilia Curae; Mauris viverra diam vitae quam. Suspendisse potenti.
44,27,"Proin leo odio, porttitor id, consequat in, consequat ut, nulla."
38,162,"Aliquam augue quam, sollicitudin vitae, consectetuer eget, rutrum at, lorem. Integer tincidunt ante vel ipsum. Praesent blandit lacinia erat."
21,412,Nam nulla.
52,308,In congue. Etiam justo.
67,127,"Proin leo odio, porttitor id, consequat in, consequat ut, nulla. Sed accumsan felis. Ut at dolor quis odio consequat varius."
59,13,Nullam sit amet turpis elementum ligula vehicula consequat. Morbi a ipsum. Integer a nibh.
35,164,Nulla tempus. Vivamus in felis eu sapien cursus vestibulum.
90,420,"Curabitur gravida nisi at nibh. In hac habitasse platea dictumst. Aliquam augue quam, sollicitudin vitae, consectetuer eget, rutrum at, lorem."
26,218,Donec quis orci eget orci vehicula condimentum. Curabitur in libero ut massa volutpat convallis.
100,109,Sed ante. Vivamus tortor. Duis mattis egestas metus.
19,75,"Vivamus metus arcu, adipiscing molestie, hendrerit at, vulputate vitae, nisl."
87,432,"Praesent lectus. Vestibulum quam sapien, varius ut, blandit non, interdum in, ante. Vestibulum ante ipsum primis in faucibus orci luctus et ultrices posuere cubilia Curae; Duis faucibus accumsan odio."
96,483,"Morbi vestibulum, velit id pretium iaculis, diam erat fermentum justo, nec condimentum neque sapien placerat ante. Nulla justo. Aliquam quis turpis eget elit sodales scelerisque."
62,239,Nunc nisl.
3,85,Nulla justo. Aliquam quis turpis eget elit sodales scelerisque. Mauris sit amet eros.
57,37,Morbi porttitor lorem id ligula.
66,462,Donec posuere metus vitae ipsum. Aliquam non mauris.
57,85,"Vestibulum ante ipsum primis in faucibus orci luctus et ultrices posuere cubilia Curae; Nulla dapibus dolor vel est. Donec odio justo, sollicitudin ut, suscipit a, feugiat et, eros. Vestibulum ac est lacinia nisi venenatis tristique."
78,471,"Vestibulum ac est lacinia nisi venenatis tristique. Fusce congue, diam id ornare imperdiet, sapien urna pretium nisl, ut volutpat sapien arcu sed augue. Aliquam erat volutpat."
61,285,"Aliquam augue quam, sollicitudin vitae, consectetuer eget, rutrum at, lorem."
93,269,Nulla tempus. Vivamus in felis eu sapien cursus vestibulum.
13,213,"Duis bibendum, felis sed interdum venenatis, turpis enim blandit mi, in porttitor pede justo eu massa. Donec dapibus."
69,308,Praesent id massa id nisl venenatis lacinia. Aenean sit amet justo.
61,194,Proin at turpis a pede posuere nonummy.
21,171,"Maecenas leo odio, condimentum id, luctus nec, molestie sed, justo. Pellentesque viverra pede ac diam."
84,94,Suspendisse potenti. Nullam porttitor lacus at turpis. Donec posuere metus vitae ipsum.
63,22,Etiam faucibus cursus urna.
26,495,Etiam pretium iaculis justo. In hac habitasse platea dictumst.
46,252,"Maecenas tristique, est et tempus semper, est quam pharetra magna, ac consequat metus sapien ut nunc. Vestibulum ante ipsum primis in faucibus orci luctus et ultrices posuere cubilia Curae; Mauris viverra diam vitae quam. Suspendisse potenti."
95,406,"Integer non velit. Donec diam neque, vestibulum eget, vulputate ut, ultrices vel, augue. Vestibulum ante ipsum primis in faucibus orci luctus et ultrices posuere cubilia Curae; Donec pharetra, magna vestibulum aliquet ultrices, erat tortor sollicitudin mi, sit amet lobortis sapien sapien non mi."
80,489,In quis justo.
67,85,Proin eu mi. Nulla ac enim.
89,12,Quisque ut erat. Curabitur gravida nisi at nibh. In hac habitasse platea dictumst.
36,8,"Nam congue, risus semper porta volutpat, quam pede lobortis ligula, sit amet eleifend pede libero quis orci."
19,81,"Integer aliquet, massa id lobortis convallis, tortor risus dapibus augue, vel accumsan tellus nisi eu orci. Mauris lacinia sapien quis libero."
41,451,"In est risus, auctor sed, tristique in, tempus sit amet, sem. Fusce consequat. Nulla nisl."
13,339,Nulla facilisi. Cras non velit nec nisi vulputate nonummy. Maecenas tincidunt lacus at velit.
61,298,"Donec vitae nisi. Nam ultrices, libero non mattis pulvinar, nulla pede ullamcorper augue, a suscipit nulla elit ac nulla. Sed vel enim sit amet nunc viverra dapibus."
55,352,Donec vitae nisi.
82,264,"Sed sagittis. Nam congue, risus semper porta volutpat, quam pede lobortis ligula, sit amet eleifend pede libero quis orci. Nullam molestie nibh in lectus."
54,225,Quisque ut erat. Curabitur gravida nisi at nibh. In hac habitasse platea dictumst.
68,285,Duis bibendum. Morbi non quam nec dui luctus rutrum. Nulla tellus.
26,452,Nullam molestie nibh in lectus. Pellentesque at nulla.
57,183,Fusce consequat.
90,125,"In tempor, turpis nec euismod scelerisque, quam turpis adipiscing lorem, vitae mattis nibh ligula nec sem. Duis aliquam convallis nunc. Proin at turpis a pede posuere nonummy."
64,468,Quisque id justo sit amet sapien dignissim vestibulum. Vestibulum ante ipsum primis in faucibus orci luctus et ultrices posuere cubilia Curae; Nulla dapibus dolor vel est.
36,419,In hac habitasse platea dictumst. Maecenas ut massa quis augue luctus tincidunt.
40,498,"Morbi ut odio. Cras mi pede, malesuada in, imperdiet et, commodo vulputate, justo."
28,74,Proin at turpis a pede posuere nonummy.
78,435,Nulla facilisi. Cras non velit nec nisi vulputate nonummy. Maecenas tincidunt lacus at velit.
48,48,"Duis ac nibh. Fusce lacus purus, aliquet at, feugiat non, pretium quis, lectus."
51,30,"Aliquam augue quam, sollicitudin vitae, consectetuer eget, rutrum at, lorem."
42,297,Nulla ut erat id mauris vulputate elementum. Nullam varius. Nulla facilisi.
68,14,Pellentesque at nulla. Suspendisse potenti. Cras in purus eu magna vulputate luctus.
41,256,"Nam congue, risus semper porta volutpat, quam pede lobortis ligula, sit amet eleifend pede libero quis orci. Nullam molestie nibh in lectus. Pellentesque at nulla."
23,258,"Proin leo odio, porttitor id, consequat in, consequat ut, nulla."
79,184,Nullam sit amet turpis elementum ligula vehicula consequat. Morbi a ipsum. Integer a nibh.
34,60,Aenean lectus. Pellentesque eget nunc.
69,32,"Vestibulum ante ipsum primis in faucibus orci luctus et ultrices posuere cubilia Curae; Donec pharetra, magna vestibulum aliquet ultrices, erat tortor sollicitudin mi, sit amet lobortis sapien sapien non mi. Integer ac neque."
52,138,Duis at velit eu est congue elementum.
63,456,"Quisque erat eros, viverra eget, congue eget, semper rutrum, nulla. Nunc purus. Phasellus in felis."
5,79,Mauris lacinia sapien quis libero. Nullam sit amet turpis elementum ligula vehicula consequat. Morbi a ipsum.
37,476,Pellentesque at nulla.
95,166,Quisque ut erat. Curabitur gravida nisi at nibh. In hac habitasse platea dictumst.
65,79,Fusce posuere felis sed lacus.
56,473,Duis mattis egestas metus. Aenean fermentum.
51,395,Aliquam erat volutpat.
88,243,Morbi non quam nec dui luctus rutrum. Nulla tellus. In sagittis dui vel nisl.
80,332,"Nulla neque libero, convallis eget, eleifend luctus, ultricies eu, nibh. Quisque id justo sit amet sapien dignissim vestibulum. Vestibulum ante ipsum primis in faucibus orci luctus et ultrices posuere cubilia Curae; Nulla dapibus dolor vel est."
60,130,Nulla ut erat id mauris vulputate elementum.
93,37,"Vestibulum ante ipsum primis in faucibus orci luctus et ultrices posuere cubilia Curae; Donec pharetra, magna vestibulum aliquet ultrices, erat tortor sollicitudin mi, sit amet lobortis sapien sapien non mi. Integer ac neque."
95,150,"Donec diam neque, vestibulum eget, vulputate ut, ultrices vel, augue. Vestibulum ante ipsum primis in faucibus orci luctus et ultrices posuere cubilia Curae; Donec pharetra, magna vestibulum aliquet ultrices, erat tortor sollicitudin mi, sit amet lobortis sapien sapien non mi."
85,146,"Nulla ac enim. In tempor, turpis nec euismod scelerisque, quam turpis adipiscing lorem, vitae mattis nibh ligula nec sem. Duis aliquam convallis nunc."
71,281,Nulla facilisi. Cras non velit nec nisi vulputate nonummy.
39,155,Nunc rhoncus dui vel sem. Sed sagittis.
51,319,"Donec diam neque, vestibulum eget, vulputate ut, ultrices vel, augue."
74,109,Cras non velit nec nisi vulputate nonummy. Maecenas tincidunt lacus at velit. Vivamus vel nulla eget eros elementum pellentesque.
76,84,Suspendisse accumsan tortor quis turpis. Sed ante. Vivamus tortor.
71,234,"Morbi odio odio, elementum eu, interdum eu, tincidunt in, leo. Maecenas pulvinar lobortis est."
42,31,Morbi non lectus.
52,353,Etiam faucibus cursus urna. Ut tellus. Nulla ut erat id mauris vulputate elementum.
84,34,Pellentesque ultrices mattis odio.
19,254,"Maecenas leo odio, condimentum id, luctus nec, molestie sed, justo. Pellentesque viverra pede ac diam."
100,487,"Maecenas rhoncus aliquam lacus. Morbi quis tortor id nulla ultrices aliquet. Maecenas leo odio, condimentum id, luctus nec, molestie sed, justo."
20,436,Aliquam sit amet diam in magna bibendum imperdiet.
13,9,"Vivamus vestibulum sagittis sapien. Cum sociis natoque penatibus et magnis dis parturient montes, nascetur ridiculus mus."
91,99,Vivamus vestibulum sagittis sapien.
98,442,Nunc purus. Phasellus in felis. Donec semper sapien a libero.
79,169,Phasellus sit amet erat. Nulla tempus. Vivamus in felis eu sapien cursus vestibulum.
59,242,Praesent id massa id nisl venenatis lacinia. Aenean sit amet justo. Morbi ut odio.
66,189,In congue.
2,426,Proin eu mi.
27,452,"Curabitur gravida nisi at nibh. In hac habitasse platea dictumst. Aliquam augue quam, sollicitudin vitae, consectetuer eget, rutrum at, lorem."
3,104,"Phasellus id sapien in sapien iaculis congue. Vivamus metus arcu, adipiscing molestie, hendrerit at, vulputate vitae, nisl. Aenean lectus."
12,114,"Nulla neque libero, convallis eget, eleifend luctus, ultricies eu, nibh."
25,98,"Curabitur in libero ut massa volutpat convallis. Morbi odio odio, elementum eu, interdum eu, tincidunt in, leo. Maecenas pulvinar lobortis est."
20,334,"Integer pede justo, lacinia eget, tincidunt eget, tempus vel, pede. Morbi porttitor lorem id ligula. Suspendisse ornare consequat lectus."
6,148,"In tempor, turpis nec euismod scelerisque, quam turpis adipiscing lorem, vitae mattis nibh ligula nec sem. Duis aliquam convallis nunc. Proin at turpis a pede posuere nonummy."
46,457,"Nam ultrices, libero non mattis pulvinar, nulla pede ullamcorper augue, a suscipit nulla elit ac nulla."
33,77,"Vestibulum quam sapien, varius ut, blandit non, interdum in, ante. Vestibulum ante ipsum primis in faucibus orci luctus et ultrices posuere cubilia Curae; Duis faucibus accumsan odio."
54,15,"Morbi quis tortor id nulla ultrices aliquet. Maecenas leo odio, condimentum id, luctus nec, molestie sed, justo. Pellentesque viverra pede ac diam."
10,334,"Lorem ipsum dolor sit amet, consectetuer adipiscing elit."
65,409,Sed accumsan felis. Ut at dolor quis odio consequat varius. Integer ac leo.
63,202,"Vestibulum ante ipsum primis in faucibus orci luctus et ultrices posuere cubilia Curae; Donec pharetra, magna vestibulum aliquet ultrices, erat tortor sollicitudin mi, sit amet lobortis sapien sapien non mi. Integer ac neque."
3,257,Aenean sit amet justo.
73,241,Mauris sit amet eros. Suspendisse accumsan tortor quis turpis.
18,206,Mauris lacinia sapien quis libero.
46,408,Morbi porttitor lorem id ligula. Suspendisse ornare consequat lectus.
44,469,"Aliquam augue quam, sollicitudin vitae, consectetuer eget, rutrum at, lorem. Integer tincidunt ante vel ipsum. Praesent blandit lacinia erat."
22,490,"Nulla neque libero, convallis eget, eleifend luctus, ultricies eu, nibh."
99,476,"Lorem ipsum dolor sit amet, consectetuer adipiscing elit. Proin interdum mauris non ligula pellentesque ultrices."
30,361,Aliquam quis turpis eget elit sodales scelerisque. Mauris sit amet eros.
72,263,Praesent blandit lacinia erat. Vestibulum sed magna at nunc commodo placerat. Praesent blandit.
36,189,Vestibulum rutrum rutrum neque. Aenean auctor gravida sem. Praesent id massa id nisl venenatis lacinia.
73,334,Maecenas ut massa quis augue luctus tincidunt. Nulla mollis molestie lorem.
16,263,"Maecenas leo odio, condimentum id, luctus nec, molestie sed, justo."
62,89,"Nulla ac enim. In tempor, turpis nec euismod scelerisque, quam turpis adipiscing lorem, vitae mattis nibh ligula nec sem. Duis aliquam convallis nunc."
39,278,Proin risus. Praesent lectus.
46,252,"Curabitur gravida nisi at nibh. In hac habitasse platea dictumst. Aliquam augue quam, sollicitudin vitae, consectetuer eget, rutrum at, lorem."
65,455,Donec ut mauris eget massa tempor convallis.
7,397,Suspendisse potenti. Nullam porttitor lacus at turpis. Donec posuere metus vitae ipsum.
38,325,"Vestibulum ante ipsum primis in faucibus orci luctus et ultrices posuere cubilia Curae; Donec pharetra, magna vestibulum aliquet ultrices, erat tortor sollicitudin mi, sit amet lobortis sapien sapien non mi."
39,56,Donec posuere metus vitae ipsum. Aliquam non mauris. Morbi non lectus.
12,358,Nullam porttitor lacus at turpis.
73,182,"Morbi vestibulum, velit id pretium iaculis, diam erat fermentum justo, nec condimentum neque sapien placerat ante. Nulla justo. Aliquam quis turpis eget elit sodales scelerisque."
94,380,"Nullam orci pede, venenatis non, sodales sed, tincidunt eu, felis."
91,235,Suspendisse potenti. In eleifend quam a odio. In hac habitasse platea dictumst.
96,196,Sed sagittis.
33,178,"Vivamus metus arcu, adipiscing molestie, hendrerit at, vulputate vitae, nisl."
24,240,Phasellus sit amet erat. Nulla tempus.
85,129,"Morbi vel lectus in quam fringilla rhoncus. Mauris enim leo, rhoncus sed, vestibulum sit amet, cursus id, turpis. Integer aliquet, massa id lobortis convallis, tortor risus dapibus augue, vel accumsan tellus nisi eu orci."
36,498,"Vestibulum ante ipsum primis in faucibus orci luctus et ultrices posuere cubilia Curae; Nulla dapibus dolor vel est. Donec odio justo, sollicitudin ut, suscipit a, feugiat et, eros."
91,329,Duis at velit eu est congue elementum. In hac habitasse platea dictumst.
30,196,Curabitur convallis. Duis consequat dui nec nisi volutpat eleifend.
1,400,Vivamus tortor. Duis mattis egestas metus.
11,241,Donec dapibus.
33,427,Duis bibendum. Morbi non quam nec dui luctus rutrum. Nulla tellus.
56,203,Etiam pretium iaculis justo. In hac habitasse platea dictumst. Etiam faucibus cursus urna.
22,265,"Morbi porttitor lorem id ligula. Suspendisse ornare consequat lectus. In est risus, auctor sed, tristique in, tempus sit amet, sem."
34,71,Integer ac leo. Pellentesque ultrices mattis odio. Donec vitae nisi.
34,260,Morbi non quam nec dui luctus rutrum.
10,490,Morbi non quam nec dui luctus rutrum. Nulla tellus. In sagittis dui vel nisl.
40,420,Nullam molestie nibh in lectus. Pellentesque at nulla.
97,473,"Vestibulum ac est lacinia nisi venenatis tristique. Fusce congue, diam id ornare imperdiet, sapien urna pretium nisl, ut volutpat sapien arcu sed augue."
72,127,Sed accumsan felis. Ut at dolor quis odio consequat varius. Integer ac leo.
35,257,"Cras pellentesque volutpat dui. Maecenas tristique, est et tempus semper, est quam pharetra magna, ac consequat metus sapien ut nunc."
85,148,Nullam molestie nibh in lectus. Pellentesque at nulla.
19,491,Pellentesque ultrices mattis odio.
56,418,Vestibulum ante ipsum primis in faucibus orci luctus et ultrices posuere cubilia Curae; Duis faucibus accumsan odio. Curabitur convallis.
95,105,Donec quis orci eget orci vehicula condimentum.
72,53,Integer a nibh.
47,414,In quis justo. Maecenas rhoncus aliquam lacus. Morbi quis tortor id nulla ultrices aliquet.
73,39,"Aenean sit amet justo. Morbi ut odio. Cras mi pede, malesuada in, imperdiet et, commodo vulputate, justo."
64,4,"Integer non velit. Donec diam neque, vestibulum eget, vulputate ut, ultrices vel, augue."
35,267,"Nam ultrices, libero non mattis pulvinar, nulla pede ullamcorper augue, a suscipit nulla elit ac nulla. Sed vel enim sit amet nunc viverra dapibus."
74,384,Maecenas tincidunt lacus at velit. Vivamus vel nulla eget eros elementum pellentesque.
51,64,Ut at dolor quis odio consequat varius.
58,170,"Nullam orci pede, venenatis non, sodales sed, tincidunt eu, felis. Fusce posuere felis sed lacus. Morbi sem mauris, laoreet ut, rhoncus aliquet, pulvinar sed, nisl."
57,494,Donec vitae nisi.
56,92,"In sagittis dui vel nisl. Duis ac nibh. Fusce lacus purus, aliquet at, feugiat non, pretium quis, lectus."
78,12,Donec semper sapien a libero.
22,215,Nullam sit amet turpis elementum ligula vehicula consequat. Morbi a ipsum. Integer a nibh.
71,434,"Praesent lectus. Vestibulum quam sapien, varius ut, blandit non, interdum in, ante. Vestibulum ante ipsum primis in faucibus orci luctus et ultrices posuere cubilia Curae; Duis faucibus accumsan odio."
40,123,"Mauris ullamcorper purus sit amet nulla. Quisque arcu libero, rutrum ac, lobortis vel, dapibus at, diam."
15,349,Vestibulum rutrum rutrum neque. Aenean auctor gravida sem.
92,220,Maecenas pulvinar lobortis est.
4,398,Suspendisse potenti. In eleifend quam a odio. In hac habitasse platea dictumst.
97,308,In sagittis dui vel nisl.
89,347,Etiam vel augue. Vestibulum rutrum rutrum neque.
69,375,In hac habitasse platea dictumst. Maecenas ut massa quis augue luctus tincidunt.
17,404,Pellentesque viverra pede ac diam. Cras pellentesque volutpat dui.
62,193,"Donec odio justo, sollicitudin ut, suscipit a, feugiat et, eros. Vestibulum ac est lacinia nisi venenatis tristique."
74,448,Integer a nibh. In quis justo.
80,221,Nulla ac enim.
77,71,"Nulla neque libero, convallis eget, eleifend luctus, ultricies eu, nibh."
50,45,Suspendisse potenti.
4,68,Phasellus sit amet erat. Nulla tempus.
30,208,Maecenas ut massa quis augue luctus tincidunt.
81,138,"Duis bibendum, felis sed interdum venenatis, turpis enim blandit mi, in porttitor pede justo eu massa. Donec dapibus. Duis at velit eu est congue elementum."
95,470,"Morbi vestibulum, velit id pretium iaculis, diam erat fermentum justo, nec condimentum neque sapien placerat ante. Nulla justo. Aliquam quis turpis eget elit sodales scelerisque."
96,263,"In hac habitasse platea dictumst. Morbi vestibulum, velit id pretium iaculis, diam erat fermentum justo, nec condimentum neque sapien placerat ante."
6,181,Nulla ut erat id mauris vulputate elementum. Nullam varius.
10,410,Ut tellus.
84,20,"Quisque erat eros, viverra eget, congue eget, semper rutrum, nulla. Nunc purus. Phasellus in felis."
85,86,"Donec odio justo, sollicitudin ut, suscipit a, feugiat et, eros. Vestibulum ac est lacinia nisi venenatis tristique. Fusce congue, diam id ornare imperdiet, sapien urna pretium nisl, ut volutpat sapien arcu sed augue."
99,221,Donec ut dolor. Morbi vel lectus in quam fringilla rhoncus.
72,167,"Cras in purus eu magna vulputate luctus. Cum sociis natoque penatibus et magnis dis parturient montes, nascetur ridiculus mus. Vivamus vestibulum sagittis sapien."
11,392,Fusce posuere felis sed lacus.
33,172,"Morbi porttitor lorem id ligula. Suspendisse ornare consequat lectus. In est risus, auctor sed, tristique in, tempus sit amet, sem."
82,411,"Donec vitae nisi. Nam ultrices, libero non mattis pulvinar, nulla pede ullamcorper augue, a suscipit nulla elit ac nulla. Sed vel enim sit amet nunc viverra dapibus."
98,121,Donec ut dolor. Morbi vel lectus in quam fringilla rhoncus.
43,97,Vivamus in felis eu sapien cursus vestibulum. Proin eu mi. Nulla ac enim.
47,379,Vivamus in felis eu sapien cursus vestibulum. Proin eu mi. Nulla ac enim.
66,179,In hac habitasse platea dictumst. Maecenas ut massa quis augue luctus tincidunt.
58,169,"Vestibulum quam sapien, varius ut, blandit non, interdum in, ante. Vestibulum ante ipsum primis in faucibus orci luctus et ultrices posuere cubilia Curae; Duis faucibus accumsan odio. Curabitur convallis."
75,27,"Nunc rhoncus dui vel sem. Sed sagittis. Nam congue, risus semper porta volutpat, quam pede lobortis ligula, sit amet eleifend pede libero quis orci."
23,472,"Maecenas tristique, est et tempus semper, est quam pharetra magna, ac consequat metus sapien ut nunc. Vestibulum ante ipsum primis in faucibus orci luctus et ultrices posuere cubilia Curae; Mauris viverra diam vitae quam. Suspendisse potenti."
44,148,Morbi non quam nec dui luctus rutrum. Nulla tellus. In sagittis dui vel nisl.
6,320,"Integer pede justo, lacinia eget, tincidunt eget, tempus vel, pede."
13,113,"Morbi ut odio. Cras mi pede, malesuada in, imperdiet et, commodo vulputate, justo."
83,346,"Maecenas tristique, est et tempus semper, est quam pharetra magna, ac consequat metus sapien ut nunc. Vestibulum ante ipsum primis in faucibus orci luctus et ultrices posuere cubilia Curae; Mauris viverra diam vitae quam. Suspendisse potenti."
17,248,Aenean sit amet justo.
85,268,Curabitur convallis.
15,450,Proin at turpis a pede posuere nonummy.
98,391,"Nullam orci pede, venenatis non, sodales sed, tincidunt eu, felis."
34,154,Quisque id justo sit amet sapien dignissim vestibulum.
49,229,"Fusce lacus purus, aliquet at, feugiat non, pretium quis, lectus."
55,413,Nulla tempus.
100,147,Suspendisse potenti. Cras in purus eu magna vulputate luctus.
59,64,Fusce consequat.
50,349,Ut at dolor quis odio consequat varius.
48,338,Nunc purus. Phasellus in felis. Donec semper sapien a libero.
30,168,Curabitur gravida nisi at nibh. In hac habitasse platea dictumst.
36,493,"Quisque arcu libero, rutrum ac, lobortis vel, dapibus at, diam."
95,288,"Morbi sem mauris, laoreet ut, rhoncus aliquet, pulvinar sed, nisl."
85,433,"Integer aliquet, massa id lobortis convallis, tortor risus dapibus augue, vel accumsan tellus nisi eu orci. Mauris lacinia sapien quis libero."
7,92,Praesent blandit lacinia erat.
87,200,"Nam congue, risus semper porta volutpat, quam pede lobortis ligula, sit amet eleifend pede libero quis orci."
59,58,"Vestibulum ante ipsum primis in faucibus orci luctus et ultrices posuere cubilia Curae; Donec pharetra, magna vestibulum aliquet ultrices, erat tortor sollicitudin mi, sit amet lobortis sapien sapien non mi."
33,308,Integer a nibh. In quis justo. Maecenas rhoncus aliquam lacus.
14,60,Vestibulum rutrum rutrum neque. Aenean auctor gravida sem. Praesent id massa id nisl venenatis lacinia.
76,172,Etiam justo.
38,31,Donec posuere metus vitae ipsum. Aliquam non mauris. Morbi non lectus.
96,459,Proin eu mi.
65,104,Curabitur gravida nisi at nibh. In hac habitasse platea dictumst.
51,403,Praesent blandit lacinia erat. Vestibulum sed magna at nunc commodo placerat.
29,355,Duis mattis egestas metus.
46,141,"In est risus, auctor sed, tristique in, tempus sit amet, sem. Fusce consequat. Nulla nisl."
33,94,Aliquam quis turpis eget elit sodales scelerisque. Mauris sit amet eros.
6,432,Duis mattis egestas metus.
99,220,Vivamus tortor.
89,471,"Vestibulum ac est lacinia nisi venenatis tristique. Fusce congue, diam id ornare imperdiet, sapien urna pretium nisl, ut volutpat sapien arcu sed augue. Aliquam erat volutpat."
36,108,"Cras pellentesque volutpat dui. Maecenas tristique, est et tempus semper, est quam pharetra magna, ac consequat metus sapien ut nunc."
42,17,Vestibulum ante ipsum primis in faucibus orci luctus et ultrices posuere cubilia Curae; Nulla dapibus dolor vel est.
23,150,Etiam vel augue. Vestibulum rutrum rutrum neque. Aenean auctor gravida sem.
41,493,Vivamus vel nulla eget eros elementum pellentesque. Quisque porta volutpat erat.
65,287,"In hac habitasse platea dictumst. Morbi vestibulum, velit id pretium iaculis, diam erat fermentum justo, nec condimentum neque sapien placerat ante. Nulla justo."
79,485,Aliquam non mauris. Morbi non lectus.
79,244,"Donec ut mauris eget massa tempor convallis. Nulla neque libero, convallis eget, eleifend luctus, ultricies eu, nibh. Quisque id justo sit amet sapien dignissim vestibulum."
84,61,Maecenas tincidunt lacus at velit.
39,156,"Maecenas leo odio, condimentum id, luctus nec, molestie sed, justo. Pellentesque viverra pede ac diam."
88,486,"Quisque id justo sit amet sapien dignissim vestibulum. Vestibulum ante ipsum primis in faucibus orci luctus et ultrices posuere cubilia Curae; Nulla dapibus dolor vel est. Donec odio justo, sollicitudin ut, suscipit a, feugiat et, eros."
5,202,"Fusce posuere felis sed lacus. Morbi sem mauris, laoreet ut, rhoncus aliquet, pulvinar sed, nisl."
33,195,Donec vitae nisi.
57,478,"Morbi porttitor lorem id ligula. Suspendisse ornare consequat lectus. In est risus, auctor sed, tristique in, tempus sit amet, sem."
44,476,"Curabitur gravida nisi at nibh. In hac habitasse platea dictumst. Aliquam augue quam, sollicitudin vitae, consectetuer eget, rutrum at, lorem."
78,263,Nulla tellus. In sagittis dui vel nisl. Duis ac nibh.
84,152,Nullam varius. Nulla facilisi.
96,497,"Suspendisse ornare consequat lectus. In est risus, auctor sed, tristique in, tempus sit amet, sem."
81,381,"Nullam orci pede, venenatis non, sodales sed, tincidunt eu, felis. Fusce posuere felis sed lacus. Morbi sem mauris, laoreet ut, rhoncus aliquet, pulvinar sed, nisl."
9,446,Suspendisse potenti. In eleifend quam a odio.
70,90,"Nam nulla. Integer pede justo, lacinia eget, tincidunt eget, tempus vel, pede. Morbi porttitor lorem id ligula."
92,17,Fusce consequat. Nulla nisl.
17,253,"Vestibulum quam sapien, varius ut, blandit non, interdum in, ante."
94,444,Nulla nisl. Nunc nisl.
25,100,Nulla tempus. Vivamus in felis eu sapien cursus vestibulum. Proin eu mi.
10,496,"Vivamus metus arcu, adipiscing molestie, hendrerit at, vulputate vitae, nisl."
79,258,"Aliquam sit amet diam in magna bibendum imperdiet. Nullam orci pede, venenatis non, sodales sed, tincidunt eu, felis."
52,31,Curabitur convallis. Duis consequat dui nec nisi volutpat eleifend.
5,113,Morbi non quam nec dui luctus rutrum. Nulla tellus.
85,314,In quis justo. Maecenas rhoncus aliquam lacus.
75,38,Nunc rhoncus dui vel sem. Sed sagittis.
10,397,"Nam congue, risus semper porta volutpat, quam pede lobortis ligula, sit amet eleifend pede libero quis orci. Nullam molestie nibh in lectus."
59,83,Integer a nibh. In quis justo.
70,168,Duis aliquam convallis nunc.
8,442,Integer ac neque.
16,126,Integer ac neque. Duis bibendum. Morbi non quam nec dui luctus rutrum.
2,425,Nulla ut erat id mauris vulputate elementum. Nullam varius. Nulla facilisi.
88,90,Etiam justo. Etiam pretium iaculis justo.
81,243,Sed accumsan felis. Ut at dolor quis odio consequat varius. Integer ac leo.
90,229,"Vestibulum ante ipsum primis in faucibus orci luctus et ultrices posuere cubilia Curae; Nulla dapibus dolor vel est. Donec odio justo, sollicitudin ut, suscipit a, feugiat et, eros."
55,424,Aenean lectus. Pellentesque eget nunc. Donec quis orci eget orci vehicula condimentum.
69,27,Aliquam non mauris.
41,93,Maecenas pulvinar lobortis est. Phasellus sit amet erat. Nulla tempus.
59,353,"Nam congue, risus semper porta volutpat, quam pede lobortis ligula, sit amet eleifend pede libero quis orci. Nullam molestie nibh in lectus. Pellentesque at nulla."
66,391,"Donec odio justo, sollicitudin ut, suscipit a, feugiat et, eros. Vestibulum ac est lacinia nisi venenatis tristique. Fusce congue, diam id ornare imperdiet, sapien urna pretium nisl, ut volutpat sapien arcu sed augue."
24,211,Etiam pretium iaculis justo.
51,319,"Nam congue, risus semper porta volutpat, quam pede lobortis ligula, sit amet eleifend pede libero quis orci. Nullam molestie nibh in lectus. Pellentesque at nulla."
40,41,Curabitur in libero ut massa volutpat convallis.
73,134,Aenean fermentum.
53,176,Suspendisse accumsan tortor quis turpis.
48,138,"Integer pede justo, lacinia eget, tincidunt eget, tempus vel, pede. Morbi porttitor lorem id ligula."
87,87,"Phasellus id sapien in sapien iaculis congue. Vivamus metus arcu, adipiscing molestie, hendrerit at, vulputate vitae, nisl."
80,415,In hac habitasse platea dictumst.
72,104,Mauris lacinia sapien quis libero. Nullam sit amet turpis elementum ligula vehicula consequat. Morbi a ipsum.
89,312,"In est risus, auctor sed, tristique in, tempus sit amet, sem. Fusce consequat. Nulla nisl."
70,403,"Proin leo odio, porttitor id, consequat in, consequat ut, nulla."
48,389,"Integer pede justo, lacinia eget, tincidunt eget, tempus vel, pede."
36,479,Vestibulum rutrum rutrum neque. Aenean auctor gravida sem.
35,188,Maecenas pulvinar lobortis est.
5,242,Maecenas pulvinar lobortis est.
31,253,"Fusce lacus purus, aliquet at, feugiat non, pretium quis, lectus. Suspendisse potenti."
71,346,Cras non velit nec nisi vulputate nonummy. Maecenas tincidunt lacus at velit. Vivamus vel nulla eget eros elementum pellentesque.
85,268,In congue.
40,345,Pellentesque ultrices mattis odio. Donec vitae nisi.
100,76,"In tempor, turpis nec euismod scelerisque, quam turpis adipiscing lorem, vitae mattis nibh ligula nec sem. Duis aliquam convallis nunc. Proin at turpis a pede posuere nonummy."
57,39,Cras in purus eu magna vulputate luctus.
36,130,"Integer non velit. Donec diam neque, vestibulum eget, vulputate ut, ultrices vel, augue. Vestibulum ante ipsum primis in faucibus orci luctus et ultrices posuere cubilia Curae; Donec pharetra, magna vestibulum aliquet ultrices, erat tortor sollicitudin mi, sit amet lobortis sapien sapien non mi."
35,398,Integer ac leo. Pellentesque ultrices mattis odio. Donec vitae nisi.
60,117,"Fusce congue, diam id ornare imperdiet, sapien urna pretium nisl, ut volutpat sapien arcu sed augue. Aliquam erat volutpat."
61,312,"Lorem ipsum dolor sit amet, consectetuer adipiscing elit. Proin interdum mauris non ligula pellentesque ultrices."
83,400,Vestibulum ante ipsum primis in faucibus orci luctus et ultrices posuere cubilia Curae; Mauris viverra diam vitae quam. Suspendisse potenti.
23,205,Morbi non quam nec dui luctus rutrum.
12,484,Morbi non lectus.
64,312,Morbi a ipsum. Integer a nibh.
86,238,"Aenean fermentum. Donec ut mauris eget massa tempor convallis. Nulla neque libero, convallis eget, eleifend luctus, ultricies eu, nibh."
64,229,"Proin leo odio, porttitor id, consequat in, consequat ut, nulla."
76,204,Quisque ut erat. Curabitur gravida nisi at nibh.
36,127,Duis consequat dui nec nisi volutpat eleifend. Donec ut dolor.
36,238,Phasellus in felis. Donec semper sapien a libero. Nam dui.
46,259,"In hac habitasse platea dictumst. Aliquam augue quam, sollicitudin vitae, consectetuer eget, rutrum at, lorem. Integer tincidunt ante vel ipsum."
30,138,In quis justo.
94,119,Aenean sit amet justo.
69,319,"Aenean sit amet justo. Morbi ut odio. Cras mi pede, malesuada in, imperdiet et, commodo vulputate, justo."
82,212,"Maecenas rhoncus aliquam lacus. Morbi quis tortor id nulla ultrices aliquet. Maecenas leo odio, condimentum id, luctus nec, molestie sed, justo."
67,444,Sed accumsan felis. Ut at dolor quis odio consequat varius. Integer ac leo.
46,378,Duis aliquam convallis nunc.
25,319,"Quisque erat eros, viverra eget, congue eget, semper rutrum, nulla."
50,310,Nulla justo.
57,29,"Maecenas tristique, est et tempus semper, est quam pharetra magna, ac consequat metus sapien ut nunc."
63,25,Duis bibendum. Morbi non quam nec dui luctus rutrum. Nulla tellus.
66,21,"Lorem ipsum dolor sit amet, consectetuer adipiscing elit. Proin interdum mauris non ligula pellentesque ultrices. Phasellus id sapien in sapien iaculis congue."
77,429,"Maecenas leo odio, condimentum id, luctus nec, molestie sed, justo. Pellentesque viverra pede ac diam. Cras pellentesque volutpat dui."
46,460,Ut tellus. Nulla ut erat id mauris vulputate elementum.
10,211,Pellentesque at nulla. Suspendisse potenti.
96,368,"Donec ut dolor. Morbi vel lectus in quam fringilla rhoncus. Mauris enim leo, rhoncus sed, vestibulum sit amet, cursus id, turpis."
65,337,"Maecenas tristique, est et tempus semper, est quam pharetra magna, ac consequat metus sapien ut nunc. Vestibulum ante ipsum primis in faucibus orci luctus et ultrices posuere cubilia Curae; Mauris viverra diam vitae quam."
8,41,Sed accumsan felis. Ut at dolor quis odio consequat varius.
52,248,Aliquam non mauris. Morbi non lectus.
36,222,Vestibulum rutrum rutrum neque. Aenean auctor gravida sem.
61,422,Suspendisse potenti. In eleifend quam a odio. In hac habitasse platea dictumst.
81,441,Pellentesque ultrices mattis odio. Donec vitae nisi.
36,182,"Nulla ac enim. In tempor, turpis nec euismod scelerisque, quam turpis adipiscing lorem, vitae mattis nibh ligula nec sem."
97,170,"Morbi non lectus. Aliquam sit amet diam in magna bibendum imperdiet. Nullam orci pede, venenatis non, sodales sed, tincidunt eu, felis."
83,218,Integer ac neque. Duis bibendum. Morbi non quam nec dui luctus rutrum.
11,378,Suspendisse accumsan tortor quis turpis. Sed ante. Vivamus tortor.
29,46,"Fusce lacus purus, aliquet at, feugiat non, pretium quis, lectus."
43,336,Vivamus in felis eu sapien cursus vestibulum. Proin eu mi.
99,324,Nullam molestie nibh in lectus. Pellentesque at nulla.
70,252,Morbi non quam nec dui luctus rutrum.
52,352,Nulla mollis molestie lorem. Quisque ut erat. Curabitur gravida nisi at nibh.
77,462,Nulla ut erat id mauris vulputate elementum. Nullam varius.
13,260,Aliquam non mauris. Morbi non lectus.
14,203,Nullam varius. Nulla facilisi. Cras non velit nec nisi vulputate nonummy.
39,178,"Mauris enim leo, rhoncus sed, vestibulum sit amet, cursus id, turpis."
24,90,Nulla suscipit ligula in lacus.
55,448,Maecenas pulvinar lobortis est. Phasellus sit amet erat. Nulla tempus.
75,145,"Vestibulum ante ipsum primis in faucibus orci luctus et ultrices posuere cubilia Curae; Nulla dapibus dolor vel est. Donec odio justo, sollicitudin ut, suscipit a, feugiat et, eros."
79,127,"Integer aliquet, massa id lobortis convallis, tortor risus dapibus augue, vel accumsan tellus nisi eu orci. Mauris lacinia sapien quis libero. Nullam sit amet turpis elementum ligula vehicula consequat."
75,395,"In blandit ultrices enim. Lorem ipsum dolor sit amet, consectetuer adipiscing elit."
74,357,"Integer pede justo, lacinia eget, tincidunt eget, tempus vel, pede. Morbi porttitor lorem id ligula."
59,268,In hac habitasse platea dictumst.
98,141,Ut at dolor quis odio consequat varius.
50,230,"Maecenas leo odio, condimentum id, luctus nec, molestie sed, justo."
23,231,Nulla mollis molestie lorem. Quisque ut erat.
70,4,Duis bibendum.
94,481,"Morbi vestibulum, velit id pretium iaculis, diam erat fermentum justo, nec condimentum neque sapien placerat ante. Nulla justo. Aliquam quis turpis eget elit sodales scelerisque."
6,355,Suspendisse potenti. Nullam porttitor lacus at turpis. Donec posuere metus vitae ipsum.
39,152,"Cras in purus eu magna vulputate luctus. Cum sociis natoque penatibus et magnis dis parturient montes, nascetur ridiculus mus. Vivamus vestibulum sagittis sapien."
77,9,"Nam congue, risus semper porta volutpat, quam pede lobortis ligula, sit amet eleifend pede libero quis orci."
66,304,Vestibulum rutrum rutrum neque.
27,123,In congue. Etiam justo. Etiam pretium iaculis justo.
2,476,Sed ante. Vivamus tortor. Duis mattis egestas metus.
58,112,"In est risus, auctor sed, tristique in, tempus sit amet, sem."
36,478,"Nulla neque libero, convallis eget, eleifend luctus, ultricies eu, nibh. Quisque id justo sit amet sapien dignissim vestibulum."
70,232,"Integer pede justo, lacinia eget, tincidunt eget, tempus vel, pede."
82,218,Proin interdum mauris non ligula pellentesque ultrices. Phasellus id sapien in sapien iaculis congue.
16,390,"Integer aliquet, massa id lobortis convallis, tortor risus dapibus augue, vel accumsan tellus nisi eu orci."
33,124,"Sed sagittis. Nam congue, risus semper porta volutpat, quam pede lobortis ligula, sit amet eleifend pede libero quis orci."
56,283,Duis bibendum. Morbi non quam nec dui luctus rutrum.
53,321,Mauris lacinia sapien quis libero. Nullam sit amet turpis elementum ligula vehicula consequat.
33,362,Phasellus id sapien in sapien iaculis congue.
8,425,Nulla ut erat id mauris vulputate elementum. Nullam varius.
33,135,"Cum sociis natoque penatibus et magnis dis parturient montes, nascetur ridiculus mus. Vivamus vestibulum sagittis sapien. Cum sociis natoque penatibus et magnis dis parturient montes, nascetur ridiculus mus."
19,126,Nulla justo.
25,426,Morbi non lectus. Aliquam sit amet diam in magna bibendum imperdiet.
75,170,"Cum sociis natoque penatibus et magnis dis parturient montes, nascetur ridiculus mus. Vivamus vestibulum sagittis sapien."
81,464,"Curabitur at ipsum ac tellus semper interdum. Mauris ullamcorper purus sit amet nulla. Quisque arcu libero, rutrum ac, lobortis vel, dapibus at, diam."
73,467,Nulla suscipit ligula in lacus.
48,482,"Cras mi pede, malesuada in, imperdiet et, commodo vulputate, justo. In blandit ultrices enim."
53,390,"Nam congue, risus semper porta volutpat, quam pede lobortis ligula, sit amet eleifend pede libero quis orci. Nullam molestie nibh in lectus."
35,490,Nam tristique tortor eu pede.
91,463,Nulla tempus.
21,491,Quisque ut erat. Curabitur gravida nisi at nibh.
21,497,"Vivamus vel nulla eget eros elementum pellentesque. Quisque porta volutpat erat. Quisque erat eros, viverra eget, congue eget, semper rutrum, nulla."
68,170,"Fusce posuere felis sed lacus. Morbi sem mauris, laoreet ut, rhoncus aliquet, pulvinar sed, nisl. Nunc rhoncus dui vel sem."
37,137,Curabitur at ipsum ac tellus semper interdum. Mauris ullamcorper purus sit amet nulla.
95,236,"Morbi quis tortor id nulla ultrices aliquet. Maecenas leo odio, condimentum id, luctus nec, molestie sed, justo. Pellentesque viverra pede ac diam."
92,479,"Nunc nisl. Duis bibendum, felis sed interdum venenatis, turpis enim blandit mi, in porttitor pede justo eu massa. Donec dapibus."
72,385,Sed ante. Vivamus tortor.
35,195,Aenean lectus.
48,350,Morbi non quam nec dui luctus rutrum. Nulla tellus. In sagittis dui vel nisl.
6,83,"Lorem ipsum dolor sit amet, consectetuer adipiscing elit."
79,71,"Proin leo odio, porttitor id, consequat in, consequat ut, nulla. Sed accumsan felis. Ut at dolor quis odio consequat varius."
91,221,"Vivamus metus arcu, adipiscing molestie, hendrerit at, vulputate vitae, nisl."
97,345,Curabitur convallis. Duis consequat dui nec nisi volutpat eleifend.
89,13,Nulla mollis molestie lorem. Quisque ut erat.
73,399,Proin at turpis a pede posuere nonummy.
49,493,"Morbi vestibulum, velit id pretium iaculis, diam erat fermentum justo, nec condimentum neque sapien placerat ante. Nulla justo. Aliquam quis turpis eget elit sodales scelerisque."
7,138,Curabitur convallis.
91,165,Integer ac leo.
32,74,Sed vel enim sit amet nunc viverra dapibus.
67,267,Phasellus in felis.
73,442,"Vestibulum ante ipsum primis in faucibus orci luctus et ultrices posuere cubilia Curae; Nulla dapibus dolor vel est. Donec odio justo, sollicitudin ut, suscipit a, feugiat et, eros. Vestibulum ac est lacinia nisi venenatis tristique."
27,126,Ut at dolor quis odio consequat varius. Integer ac leo.
10,194,Phasellus sit amet erat. Nulla tempus.
53,370,Nam dui.
84,182,"Vivamus vestibulum sagittis sapien. Cum sociis natoque penatibus et magnis dis parturient montes, nascetur ridiculus mus. Etiam vel augue."
3,431,"Duis ac nibh. Fusce lacus purus, aliquet at, feugiat non, pretium quis, lectus."
24,428,Curabitur at ipsum ac tellus semper interdum. Mauris ullamcorper purus sit amet nulla.
85,303,Vivamus vel nulla eget eros elementum pellentesque.
12,310,Donec dapibus. Duis at velit eu est congue elementum. In hac habitasse platea dictumst.
75,185,"In est risus, auctor sed, tristique in, tempus sit amet, sem. Fusce consequat."
56,114,Quisque ut erat.
23,451,"Duis at velit eu est congue elementum. In hac habitasse platea dictumst. Morbi vestibulum, velit id pretium iaculis, diam erat fermentum justo, nec condimentum neque sapien placerat ante."
25,352,Aliquam quis turpis eget elit sodales scelerisque. Mauris sit amet eros. Suspendisse accumsan tortor quis turpis.
19,319,"Cras pellentesque volutpat dui. Maecenas tristique, est et tempus semper, est quam pharetra magna, ac consequat metus sapien ut nunc. Vestibulum ante ipsum primis in faucibus orci luctus et ultrices posuere cubilia Curae; Mauris viverra diam vitae quam."
67,2,Donec ut mauris eget massa tempor convallis.
95,43,Morbi non quam nec dui luctus rutrum. Nulla tellus. In sagittis dui vel nisl.
85,99,Curabitur at ipsum ac tellus semper interdum.
15,246,Nunc purus.
78,398,Vestibulum ante ipsum primis in faucibus orci luctus et ultrices posuere cubilia Curae; Duis faucibus accumsan odio. Curabitur convallis. Duis consequat dui nec nisi volutpat eleifend.
38,372,Donec semper sapien a libero.
38,7,"Fusce posuere felis sed lacus. Morbi sem mauris, laoreet ut, rhoncus aliquet, pulvinar sed, nisl. Nunc rhoncus dui vel sem."
57,433,Aenean lectus.
28,431,"In tempor, turpis nec euismod scelerisque, quam turpis adipiscing lorem, vitae mattis nibh ligula nec sem. Duis aliquam convallis nunc. Proin at turpis a pede posuere nonummy."
51,204,Nulla ut erat id mauris vulputate elementum.
91,24,"Morbi vestibulum, velit id pretium iaculis, diam erat fermentum justo, nec condimentum neque sapien placerat ante."
62,320,Vestibulum rutrum rutrum neque.
56,115,"Curabitur gravida nisi at nibh. In hac habitasse platea dictumst. Aliquam augue quam, sollicitudin vitae, consectetuer eget, rutrum at, lorem."
70,5,"Donec vitae nisi. Nam ultrices, libero non mattis pulvinar, nulla pede ullamcorper augue, a suscipit nulla elit ac nulla."
59,123,Praesent blandit lacinia erat. Vestibulum sed magna at nunc commodo placerat.
98,361,"Nulla nisl. Nunc nisl. Duis bibendum, felis sed interdum venenatis, turpis enim blandit mi, in porttitor pede justo eu massa."
42,336,"Morbi vel lectus in quam fringilla rhoncus. Mauris enim leo, rhoncus sed, vestibulum sit amet, cursus id, turpis."
59,472,"Aenean fermentum. Donec ut mauris eget massa tempor convallis. Nulla neque libero, convallis eget, eleifend luctus, ultricies eu, nibh."
88,74,"Duis bibendum, felis sed interdum venenatis, turpis enim blandit mi, in porttitor pede justo eu massa. Donec dapibus."
16,299,Curabitur convallis. Duis consequat dui nec nisi volutpat eleifend. Donec ut dolor.
27,104,Maecenas ut massa quis augue luctus tincidunt. Nulla mollis molestie lorem.
99,260,"Proin leo odio, porttitor id, consequat in, consequat ut, nulla."
23,70,Aliquam erat volutpat. In congue.
46,46,Etiam faucibus cursus urna. Ut tellus. Nulla ut erat id mauris vulputate elementum.
95,440,Fusce consequat. Nulla nisl. Nunc nisl.
54,39,In eleifend quam a odio. In hac habitasse platea dictumst. Maecenas ut massa quis augue luctus tincidunt.
17,176,Curabitur gravida nisi at nibh.
90,271,Vivamus tortor. Duis mattis egestas metus. Aenean fermentum.
14,66,Nulla nisl.
68,45,Integer ac neque. Duis bibendum. Morbi non quam nec dui luctus rutrum.
77,245,"Morbi sem mauris, laoreet ut, rhoncus aliquet, pulvinar sed, nisl."
57,368,Curabitur at ipsum ac tellus semper interdum.
28,302,Duis mattis egestas metus. Aenean fermentum.
47,415,"Integer pede justo, lacinia eget, tincidunt eget, tempus vel, pede. Morbi porttitor lorem id ligula."
54,332,Morbi a ipsum. Integer a nibh.
97,331,"Donec odio justo, sollicitudin ut, suscipit a, feugiat et, eros. Vestibulum ac est lacinia nisi venenatis tristique."
78,136,Pellentesque eget nunc. Donec quis orci eget orci vehicula condimentum.
37,404,Vivamus vel nulla eget eros elementum pellentesque. Quisque porta volutpat erat.
97,425,Nullam varius. Nulla facilisi.
50,478,Maecenas ut massa quis augue luctus tincidunt. Nulla mollis molestie lorem. Quisque ut erat.
24,258,"Donec vitae nisi. Nam ultrices, libero non mattis pulvinar, nulla pede ullamcorper augue, a suscipit nulla elit ac nulla."
90,464,"In hac habitasse platea dictumst. Aliquam augue quam, sollicitudin vitae, consectetuer eget, rutrum at, lorem."
43,414,Nullam varius.
26,126,"Vivamus metus arcu, adipiscing molestie, hendrerit at, vulputate vitae, nisl. Aenean lectus. Pellentesque eget nunc."
64,485,"Fusce lacus purus, aliquet at, feugiat non, pretium quis, lectus. Suspendisse potenti. In eleifend quam a odio."
54,69,Pellentesque eget nunc.
35,440,Integer non velit.
99,251,Sed accumsan felis.
79,172,Aenean sit amet justo. Morbi ut odio.
15,277,"Pellentesque ultrices mattis odio. Donec vitae nisi. Nam ultrices, libero non mattis pulvinar, nulla pede ullamcorper augue, a suscipit nulla elit ac nulla."
24,111,Sed accumsan felis. Ut at dolor quis odio consequat varius. Integer ac leo.
72,436,Pellentesque eget nunc. Donec quis orci eget orci vehicula condimentum.
38,322,Praesent blandit. Nam nulla.
22,386,"Nulla nisl. Nunc nisl. Duis bibendum, felis sed interdum venenatis, turpis enim blandit mi, in porttitor pede justo eu massa."
70,41,In hac habitasse platea dictumst. Etiam faucibus cursus urna. Ut tellus.
38,155,"Nulla neque libero, convallis eget, eleifend luctus, ultricies eu, nibh. Quisque id justo sit amet sapien dignissim vestibulum."
50,165,Nunc purus. Phasellus in felis. Donec semper sapien a libero.
87,195,"Integer non velit. Donec diam neque, vestibulum eget, vulputate ut, ultrices vel, augue."
13,108,"Nunc nisl. Duis bibendum, felis sed interdum venenatis, turpis enim blandit mi, in porttitor pede justo eu massa. Donec dapibus."
47,211,"Lorem ipsum dolor sit amet, consectetuer adipiscing elit."
88,186,Morbi porttitor lorem id ligula. Suspendisse ornare consequat lectus.
70,169,In sagittis dui vel nisl.
41,165,Curabitur gravida nisi at nibh. In hac habitasse platea dictumst.
87,324,Curabitur at ipsum ac tellus semper interdum. Mauris ullamcorper purus sit amet nulla.
2,53,Nulla justo.
4,209,Praesent lectus.
15,248,"Pellentesque viverra pede ac diam. Cras pellentesque volutpat dui. Maecenas tristique, est et tempus semper, est quam pharetra magna, ac consequat metus sapien ut nunc."
41,416,"Cras in purus eu magna vulputate luctus. Cum sociis natoque penatibus et magnis dis parturient montes, nascetur ridiculus mus. Vivamus vestibulum sagittis sapien."
96,254,"Fusce congue, diam id ornare imperdiet, sapien urna pretium nisl, ut volutpat sapien arcu sed augue. Aliquam erat volutpat."
41,283,Nulla tempus. Vivamus in felis eu sapien cursus vestibulum.
47,492,Nunc nisl.
86,210,"Nulla neque libero, convallis eget, eleifend luctus, ultricies eu, nibh. Quisque id justo sit amet sapien dignissim vestibulum."
94,452,"Nam ultrices, libero non mattis pulvinar, nulla pede ullamcorper augue, a suscipit nulla elit ac nulla."
1,492,Phasellus id sapien in sapien iaculis congue.
24,277,"Vestibulum quam sapien, varius ut, blandit non, interdum in, ante."
52,135,Vestibulum ante ipsum primis in faucibus orci luctus et ultrices posuere cubilia Curae; Mauris viverra diam vitae quam.
70,26,Sed vel enim sit amet nunc viverra dapibus.
95,196,"Nam congue, risus semper porta volutpat, quam pede lobortis ligula, sit amet eleifend pede libero quis orci. Nullam molestie nibh in lectus. Pellentesque at nulla."
27,368,Suspendisse potenti.
67,430,"Maecenas tristique, est et tempus semper, est quam pharetra magna, ac consequat metus sapien ut nunc."
13,64,"Morbi sem mauris, laoreet ut, rhoncus aliquet, pulvinar sed, nisl."
31,436,"Nam congue, risus semper porta volutpat, quam pede lobortis ligula, sit amet eleifend pede libero quis orci. Nullam molestie nibh in lectus. Pellentesque at nulla."
46,113,Aliquam non mauris.
53,298,Nam tristique tortor eu pede.
59,147,In hac habitasse platea dictumst. Etiam faucibus cursus urna. Ut tellus.
55,301,Mauris sit amet eros. Suspendisse accumsan tortor quis turpis. Sed ante.
35,296,Phasellus id sapien in sapien iaculis congue.
98,245,"Vestibulum quam sapien, varius ut, blandit non, interdum in, ante. Vestibulum ante ipsum primis in faucibus orci luctus et ultrices posuere cubilia Curae; Duis faucibus accumsan odio."
72,279,In hac habitasse platea dictumst.
24,298,Duis consequat dui nec nisi volutpat eleifend. Donec ut dolor. Morbi vel lectus in quam fringilla rhoncus.
73,422,"Vestibulum quam sapien, varius ut, blandit non, interdum in, ante. Vestibulum ante ipsum primis in faucibus orci luctus et ultrices posuere cubilia Curae; Duis faucibus accumsan odio. Curabitur convallis."
73,436,Aenean lectus. Pellentesque eget nunc.
77,346,Etiam justo. Etiam pretium iaculis justo.
64,498,Phasellus sit amet erat. Nulla tempus.
64,432,"Integer pede justo, lacinia eget, tincidunt eget, tempus vel, pede."
32,76,"Mauris enim leo, rhoncus sed, vestibulum sit amet, cursus id, turpis. Integer aliquet, massa id lobortis convallis, tortor risus dapibus augue, vel accumsan tellus nisi eu orci."
81,288,Phasellus in felis. Donec semper sapien a libero.
90,381,"Morbi vestibulum, velit id pretium iaculis, diam erat fermentum justo, nec condimentum neque sapien placerat ante. Nulla justo."
40,404,Morbi quis tortor id nulla ultrices aliquet.
70,329,Etiam faucibus cursus urna.
55,393,Morbi quis tortor id nulla ultrices aliquet.
43,120,"Proin leo odio, porttitor id, consequat in, consequat ut, nulla. Sed accumsan felis. Ut at dolor quis odio consequat varius."
97,13,Praesent lectus.
29,380,"Aenean sit amet justo. Morbi ut odio. Cras mi pede, malesuada in, imperdiet et, commodo vulputate, justo."
80,278,Suspendisse accumsan tortor quis turpis. Sed ante.
34,261,Etiam faucibus cursus urna. Ut tellus.
64,381,Duis aliquam convallis nunc.
74,303,"Cum sociis natoque penatibus et magnis dis parturient montes, nascetur ridiculus mus. Vivamus vestibulum sagittis sapien."
91,132,Donec semper sapien a libero.
22,168,"Integer non velit. Donec diam neque, vestibulum eget, vulputate ut, ultrices vel, augue. Vestibulum ante ipsum primis in faucibus orci luctus et ultrices posuere cubilia Curae; Donec pharetra, magna vestibulum aliquet ultrices, erat tortor sollicitudin mi, sit amet lobortis sapien sapien non mi."
86,489,Nunc purus.
46,454,Phasellus in felis. Donec semper sapien a libero. Nam dui.
96,65,Aliquam quis turpis eget elit sodales scelerisque. Mauris sit amet eros. Suspendisse accumsan tortor quis turpis.
65,244,Donec quis orci eget orci vehicula condimentum. Curabitur in libero ut massa volutpat convallis.
17,122,Pellentesque at nulla.
51,141,"Donec diam neque, vestibulum eget, vulputate ut, ultrices vel, augue. Vestibulum ante ipsum primis in faucibus orci luctus et ultrices posuere cubilia Curae; Donec pharetra, magna vestibulum aliquet ultrices, erat tortor sollicitudin mi, sit amet lobortis sapien sapien non mi."
11,94,In quis justo.
62,336,Praesent blandit lacinia erat.
37,373,"Proin at turpis a pede posuere nonummy. Integer non velit. Donec diam neque, vestibulum eget, vulputate ut, ultrices vel, augue."
72,399,Aenean lectus. Pellentesque eget nunc. Donec quis orci eget orci vehicula condimentum.
60,27,Etiam pretium iaculis justo. In hac habitasse platea dictumst. Etiam faucibus cursus urna.
98,128,Nulla suscipit ligula in lacus. Curabitur at ipsum ac tellus semper interdum.
75,283,"Donec odio justo, sollicitudin ut, suscipit a, feugiat et, eros. Vestibulum ac est lacinia nisi venenatis tristique."
2,304,"Integer non velit. Donec diam neque, vestibulum eget, vulputate ut, ultrices vel, augue."
54,467,"Morbi vestibulum, velit id pretium iaculis, diam erat fermentum justo, nec condimentum neque sapien placerat ante. Nulla justo. Aliquam quis turpis eget elit sodales scelerisque."
24,388,Vestibulum ante ipsum primis in faucibus orci luctus et ultrices posuere cubilia Curae; Mauris viverra diam vitae quam.
71,454,"Cras in purus eu magna vulputate luctus. Cum sociis natoque penatibus et magnis dis parturient montes, nascetur ridiculus mus."
55,4,Nulla tellus. In sagittis dui vel nisl. Duis ac nibh.
20,277,Maecenas ut massa quis augue luctus tincidunt.
1,23,Sed accumsan felis. Ut at dolor quis odio consequat varius. Integer ac leo.
89,239,"Morbi vestibulum, velit id pretium iaculis, diam erat fermentum justo, nec condimentum neque sapien placerat ante."
11,258,"Vestibulum ante ipsum primis in faucibus orci luctus et ultrices posuere cubilia Curae; Donec pharetra, magna vestibulum aliquet ultrices, erat tortor sollicitudin mi, sit amet lobortis sapien sapien non mi."
80,268,Vestibulum rutrum rutrum neque. Aenean auctor gravida sem.
42,337,In quis justo.
95,55,Praesent blandit lacinia erat. Vestibulum sed magna at nunc commodo placerat. Praesent blandit.
12,14,"Nam congue, risus semper porta volutpat, quam pede lobortis ligula, sit amet eleifend pede libero quis orci. Nullam molestie nibh in lectus."
31,371,Vestibulum sed magna at nunc commodo placerat. Praesent blandit.
20,27,Morbi non lectus.
33,477,"Nulla neque libero, convallis eget, eleifend luctus, ultricies eu, nibh. Quisque id justo sit amet sapien dignissim vestibulum."
91,498,"Donec diam neque, vestibulum eget, vulputate ut, ultrices vel, augue."
10,315,Vestibulum rutrum rutrum neque. Aenean auctor gravida sem.
69,234,Integer ac neque. Duis bibendum. Morbi non quam nec dui luctus rutrum.
78,213,"Nullam orci pede, venenatis non, sodales sed, tincidunt eu, felis. Fusce posuere felis sed lacus."
38,83,Nulla ut erat id mauris vulputate elementum. Nullam varius.
28,456,"Fusce congue, diam id ornare imperdiet, sapien urna pretium nisl, ut volutpat sapien arcu sed augue. Aliquam erat volutpat."
54,72,Ut tellus. Nulla ut erat id mauris vulputate elementum.
34,211,"Nulla neque libero, convallis eget, eleifend luctus, ultricies eu, nibh. Quisque id justo sit amet sapien dignissim vestibulum."
70,164,Vestibulum sed magna at nunc commodo placerat.
64,240,Pellentesque eget nunc.
75,216,"Cum sociis natoque penatibus et magnis dis parturient montes, nascetur ridiculus mus. Etiam vel augue. Vestibulum rutrum rutrum neque."
96,175,Nunc nisl.
59,252,"Fusce congue, diam id ornare imperdiet, sapien urna pretium nisl, ut volutpat sapien arcu sed augue. Aliquam erat volutpat. In congue."
81,339,Pellentesque viverra pede ac diam. Cras pellentesque volutpat dui.
33,412,"Donec ut mauris eget massa tempor convallis. Nulla neque libero, convallis eget, eleifend luctus, ultricies eu, nibh. Quisque id justo sit amet sapien dignissim vestibulum."
82,459,Suspendisse potenti. Nullam porttitor lacus at turpis.
92,298,Integer ac leo. Pellentesque ultrices mattis odio.
29,269,Nulla ut erat id mauris vulputate elementum. Nullam varius.
64,479,"Morbi odio odio, elementum eu, interdum eu, tincidunt in, leo. Maecenas pulvinar lobortis est."
29,456,Integer ac neque. Duis bibendum.
24,302,Nulla tellus. In sagittis dui vel nisl. Duis ac nibh.
28,23,Donec dapibus.
19,83,"Integer aliquet, massa id lobortis convallis, tortor risus dapibus augue, vel accumsan tellus nisi eu orci. Mauris lacinia sapien quis libero. Nullam sit amet turpis elementum ligula vehicula consequat."
76,246,In sagittis dui vel nisl.
91,123,Nulla facilisi. Cras non velit nec nisi vulputate nonummy.
26,366,Nam tristique tortor eu pede.
38,112,"Nulla neque libero, convallis eget, eleifend luctus, ultricies eu, nibh. Quisque id justo sit amet sapien dignissim vestibulum. Vestibulum ante ipsum primis in faucibus orci luctus et ultrices posuere cubilia Curae; Nulla dapibus dolor vel est."
72,83,Duis consequat dui nec nisi volutpat eleifend. Donec ut dolor. Morbi vel lectus in quam fringilla rhoncus.
63,25,Vivamus tortor. Duis mattis egestas metus. Aenean fermentum.
45,143,"Morbi odio odio, elementum eu, interdum eu, tincidunt in, leo."
69,442,Duis consequat dui nec nisi volutpat eleifend. Donec ut dolor.
56,30,Duis aliquam convallis nunc. Proin at turpis a pede posuere nonummy. Integer non velit.
54,421,"Quisque erat eros, viverra eget, congue eget, semper rutrum, nulla. Nunc purus. Phasellus in felis."
26,148,Morbi vel lectus in quam fringilla rhoncus.
71,49,Fusce posuere felis sed lacus.
79,110,Aenean auctor gravida sem. Praesent id massa id nisl venenatis lacinia. Aenean sit amet justo.
25,121,"Quisque erat eros, viverra eget, congue eget, semper rutrum, nulla. Nunc purus. Phasellus in felis."
71,495,"Nam congue, risus semper porta volutpat, quam pede lobortis ligula, sit amet eleifend pede libero quis orci. Nullam molestie nibh in lectus."
16,391,"Donec ut mauris eget massa tempor convallis. Nulla neque libero, convallis eget, eleifend luctus, ultricies eu, nibh."
47,160,Maecenas ut massa quis augue luctus tincidunt. Nulla mollis molestie lorem.
36,194,Aenean sit amet justo. Morbi ut odio.
24,359,Vestibulum ac est lacinia nisi venenatis tristique.
69,477,In hac habitasse platea dictumst.
43,137,Morbi quis tortor id nulla ultrices aliquet.
7,230,"In tempor, turpis nec euismod scelerisque, quam turpis adipiscing lorem, vitae mattis nibh ligula nec sem."
90,9,"Nullam orci pede, venenatis non, sodales sed, tincidunt eu, felis. Fusce posuere felis sed lacus. Morbi sem mauris, laoreet ut, rhoncus aliquet, pulvinar sed, nisl."
83,457,Nulla ut erat id mauris vulputate elementum. Nullam varius. Nulla facilisi.
73,10,"Sed sagittis. Nam congue, risus semper porta volutpat, quam pede lobortis ligula, sit amet eleifend pede libero quis orci."
36,186,Mauris sit amet eros.
99,138,Nullam sit amet turpis elementum ligula vehicula consequat.
82,237,In congue. Etiam justo.
23,240,Etiam pretium iaculis justo. In hac habitasse platea dictumst.
98,353,Morbi a ipsum.
60,124,In hac habitasse platea dictumst. Maecenas ut massa quis augue luctus tincidunt. Nulla mollis molestie lorem.
37,48,Donec ut dolor.
43,374,"Donec vitae nisi. Nam ultrices, libero non mattis pulvinar, nulla pede ullamcorper augue, a suscipit nulla elit ac nulla. Sed vel enim sit amet nunc viverra dapibus."
26,255,Nullam sit amet turpis elementum ligula vehicula consequat. Morbi a ipsum. Integer a nibh.
71,294,Sed accumsan felis.
23,401,Vestibulum ante ipsum primis in faucibus orci luctus et ultrices posuere cubilia Curae; Duis faucibus accumsan odio.
59,176,"Maecenas tristique, est et tempus semper, est quam pharetra magna, ac consequat metus sapien ut nunc. Vestibulum ante ipsum primis in faucibus orci luctus et ultrices posuere cubilia Curae; Mauris viverra diam vitae quam."
15,330,Donec ut mauris eget massa tempor convallis.
42,342,Morbi ut odio.
62,8,"Maecenas rhoncus aliquam lacus. Morbi quis tortor id nulla ultrices aliquet. Maecenas leo odio, condimentum id, luctus nec, molestie sed, justo."
83,303,"Phasellus id sapien in sapien iaculis congue. Vivamus metus arcu, adipiscing molestie, hendrerit at, vulputate vitae, nisl."
72,370,"Pellentesque ultrices mattis odio. Donec vitae nisi. Nam ultrices, libero non mattis pulvinar, nulla pede ullamcorper augue, a suscipit nulla elit ac nulla."
79,135,"Cras pellentesque volutpat dui. Maecenas tristique, est et tempus semper, est quam pharetra magna, ac consequat metus sapien ut nunc."
25,455,Maecenas tincidunt lacus at velit. Vivamus vel nulla eget eros elementum pellentesque.
5,302,"Curabitur in libero ut massa volutpat convallis. Morbi odio odio, elementum eu, interdum eu, tincidunt in, leo. Maecenas pulvinar lobortis est."
85,397,Nunc rhoncus dui vel sem. Sed sagittis.
12,443,Maecenas pulvinar lobortis est. Phasellus sit amet erat. Nulla tempus.
42,5,"Morbi ut odio. Cras mi pede, malesuada in, imperdiet et, commodo vulputate, justo. In blandit ultrices enim."
10,243,Aliquam non mauris. Morbi non lectus. Aliquam sit amet diam in magna bibendum imperdiet.
81,313,In hac habitasse platea dictumst.
53,182,"Quisque erat eros, viverra eget, congue eget, semper rutrum, nulla. Nunc purus."
82,291,"Morbi sem mauris, laoreet ut, rhoncus aliquet, pulvinar sed, nisl. Nunc rhoncus dui vel sem. Sed sagittis."
97,334,"Fusce posuere felis sed lacus. Morbi sem mauris, laoreet ut, rhoncus aliquet, pulvinar sed, nisl. Nunc rhoncus dui vel sem."
22,104,Vivamus vel nulla eget eros elementum pellentesque.
28,176,Nulla suscipit ligula in lacus. Curabitur at ipsum ac tellus semper interdum.
39,405,Phasellus in felis. Donec semper sapien a libero. Nam dui.
35,85,Vivamus in felis eu sapien cursus vestibulum. Proin eu mi. Nulla ac enim.
41,121,"Donec semper sapien a libero. Nam dui. Proin leo odio, porttitor id, consequat in, consequat ut, nulla."
11,102,"Proin leo odio, porttitor id, consequat in, consequat ut, nulla."
17,295,Vestibulum ante ipsum primis in faucibus orci luctus et ultrices posuere cubilia Curae; Duis faucibus accumsan odio. Curabitur convallis.
42,21,"Vestibulum quam sapien, varius ut, blandit non, interdum in, ante. Vestibulum ante ipsum primis in faucibus orci luctus et ultrices posuere cubilia Curae; Duis faucibus accumsan odio. Curabitur convallis."
2,186,Nullam molestie nibh in lectus. Pellentesque at nulla. Suspendisse potenti.
36,438,Nullam molestie nibh in lectus. Pellentesque at nulla. Suspendisse potenti.
7,343,"Suspendisse ornare consequat lectus. In est risus, auctor sed, tristique in, tempus sit amet, sem."
27,239,Pellentesque at nulla. Suspendisse potenti.
100,389,Praesent id massa id nisl venenatis lacinia. Aenean sit amet justo.
9,96,Pellentesque viverra pede ac diam. Cras pellentesque volutpat dui.
41,397,Suspendisse potenti.
33,168,"Duis ac nibh. Fusce lacus purus, aliquet at, feugiat non, pretium quis, lectus. Suspendisse potenti."
77,209,Praesent id massa id nisl venenatis lacinia. Aenean sit amet justo. Morbi ut odio.
81,404,Suspendisse potenti. Nullam porttitor lacus at turpis. Donec posuere metus vitae ipsum.
50,415,Aliquam quis turpis eget elit sodales scelerisque.
67,120,Vestibulum rutrum rutrum neque. Aenean auctor gravida sem. Praesent id massa id nisl venenatis lacinia.
76,260,"Mauris enim leo, rhoncus sed, vestibulum sit amet, cursus id, turpis. Integer aliquet, massa id lobortis convallis, tortor risus dapibus augue, vel accumsan tellus nisi eu orci."
24,172,Pellentesque at nulla. Suspendisse potenti. Cras in purus eu magna vulputate luctus.
2,399,Pellentesque ultrices mattis odio. Donec vitae nisi.
30,306,"Aliquam sit amet diam in magna bibendum imperdiet. Nullam orci pede, venenatis non, sodales sed, tincidunt eu, felis."
39,244,"Vivamus vel nulla eget eros elementum pellentesque. Quisque porta volutpat erat. Quisque erat eros, viverra eget, congue eget, semper rutrum, nulla."
84,18,"In tempor, turpis nec euismod scelerisque, quam turpis adipiscing lorem, vitae mattis nibh ligula nec sem. Duis aliquam convallis nunc."
11,337,In congue. Etiam justo. Etiam pretium iaculis justo.
32,424,Morbi vel lectus in quam fringilla rhoncus.
5,325,"In est risus, auctor sed, tristique in, tempus sit amet, sem. Fusce consequat."
55,67,Donec semper sapien a libero. Nam dui.
64,409,Suspendisse accumsan tortor quis turpis. Sed ante. Vivamus tortor.
59,369,Integer tincidunt ante vel ipsum. Praesent blandit lacinia erat. Vestibulum sed magna at nunc commodo placerat.
53,204,Mauris sit amet eros.
81,338,Nulla tempus. Vivamus in felis eu sapien cursus vestibulum. Proin eu mi.
37,118,Donec ut dolor.
28,326,Fusce posuere felis sed lacus.
65,350,Curabitur gravida nisi at nibh.
99,371,Donec ut dolor. Morbi vel lectus in quam fringilla rhoncus.
44,273,"Morbi odio odio, elementum eu, interdum eu, tincidunt in, leo. Maecenas pulvinar lobortis est. Phasellus sit amet erat."
36,485,"Nam nulla. Integer pede justo, lacinia eget, tincidunt eget, tempus vel, pede."
93,325,"Morbi sem mauris, laoreet ut, rhoncus aliquet, pulvinar sed, nisl. Nunc rhoncus dui vel sem."
43,420,"Morbi quis tortor id nulla ultrices aliquet. Maecenas leo odio, condimentum id, luctus nec, molestie sed, justo. Pellentesque viverra pede ac diam."
17,356,"Nulla nisl. Nunc nisl. Duis bibendum, felis sed interdum venenatis, turpis enim blandit mi, in porttitor pede justo eu massa."
14,456,Integer tincidunt ante vel ipsum. Praesent blandit lacinia erat.
54,131,"Quisque erat eros, viverra eget, congue eget, semper rutrum, nulla."
92,122,Praesent id massa id nisl venenatis lacinia. Aenean sit amet justo. Morbi ut odio.
22,168,Vestibulum ac est lacinia nisi venenatis tristique.
4,417,Nulla nisl.
94,237,Vivamus vel nulla eget eros elementum pellentesque. Quisque porta volutpat erat.
21,122,Aenean sit amet justo. Morbi ut odio.
47,14,Etiam vel augue.
39,235,Nulla ut erat id mauris vulputate elementum. Nullam varius. Nulla facilisi.
8,332,"Vivamus vestibulum sagittis sapien. Cum sociis natoque penatibus et magnis dis parturient montes, nascetur ridiculus mus."
88,106,"Aliquam augue quam, sollicitudin vitae, consectetuer eget, rutrum at, lorem. Integer tincidunt ante vel ipsum. Praesent blandit lacinia erat."
50,164,Praesent blandit.
50,343,Integer a nibh. In quis justo. Maecenas rhoncus aliquam lacus.
40,105,"Duis bibendum, felis sed interdum venenatis, turpis enim blandit mi, in porttitor pede justo eu massa. Donec dapibus. Duis at velit eu est congue elementum."
14,244,"Morbi odio odio, elementum eu, interdum eu, tincidunt in, leo. Maecenas pulvinar lobortis est. Phasellus sit amet erat."
62,225,"In est risus, auctor sed, tristique in, tempus sit amet, sem. Fusce consequat. Nulla nisl."
30,388,Nulla tempus. Vivamus in felis eu sapien cursus vestibulum. Proin eu mi.
3,355,Praesent blandit lacinia erat.
98,409,"Cras pellentesque volutpat dui. Maecenas tristique, est et tempus semper, est quam pharetra magna, ac consequat metus sapien ut nunc."
68,271,Proin interdum mauris non ligula pellentesque ultrices. Phasellus id sapien in sapien iaculis congue.
6,106,"In est risus, auctor sed, tristique in, tempus sit amet, sem."
83,471,Aliquam erat volutpat. In congue.
67,302,"Donec diam neque, vestibulum eget, vulputate ut, ultrices vel, augue. Vestibulum ante ipsum primis in faucibus orci luctus et ultrices posuere cubilia Curae; Donec pharetra, magna vestibulum aliquet ultrices, erat tortor sollicitudin mi, sit amet lobortis sapien sapien non mi. Integer ac neque."
74,156,Vivamus tortor.
87,44,"Maecenas tristique, est et tempus semper, est quam pharetra magna, ac consequat metus sapien ut nunc. Vestibulum ante ipsum primis in faucibus orci luctus et ultrices posuere cubilia Curae; Mauris viverra diam vitae quam. Suspendisse potenti."
19,298,Morbi porttitor lorem id ligula. Suspendisse ornare consequat lectus.
59,175,"Donec ut mauris eget massa tempor convallis. Nulla neque libero, convallis eget, eleifend luctus, ultricies eu, nibh."
80,310,"Morbi porttitor lorem id ligula. Suspendisse ornare consequat lectus. In est risus, auctor sed, tristique in, tempus sit amet, sem."
58,209,Proin risus.
78,347,Nulla justo.
6,387,Nulla nisl. Nunc nisl.
38,480,Sed accumsan felis. Ut at dolor quis odio consequat varius.
36,308,"In est risus, auctor sed, tristique in, tempus sit amet, sem. Fusce consequat. Nulla nisl."
73,138,Integer tincidunt ante vel ipsum. Praesent blandit lacinia erat.
22,353,Duis aliquam convallis nunc. Proin at turpis a pede posuere nonummy. Integer non velit.
76,111,Morbi non lectus. Aliquam sit amet diam in magna bibendum imperdiet.
22,455,Morbi non quam nec dui luctus rutrum. Nulla tellus.
5,62,Quisque ut erat.
43,177,Curabitur convallis.
95,219,"Donec semper sapien a libero. Nam dui. Proin leo odio, porttitor id, consequat in, consequat ut, nulla."
39,280,"Quisque id justo sit amet sapien dignissim vestibulum. Vestibulum ante ipsum primis in faucibus orci luctus et ultrices posuere cubilia Curae; Nulla dapibus dolor vel est. Donec odio justo, sollicitudin ut, suscipit a, feugiat et, eros."
20,449,Ut at dolor quis odio consequat varius. Integer ac leo. Pellentesque ultrices mattis odio.
8,390,Nulla justo. Aliquam quis turpis eget elit sodales scelerisque. Mauris sit amet eros.
96,494,Duis mattis egestas metus. Aenean fermentum.
5,312,Nullam varius. Nulla facilisi. Cras non velit nec nisi vulputate nonummy.
69,204,"Cras in purus eu magna vulputate luctus. Cum sociis natoque penatibus et magnis dis parturient montes, nascetur ridiculus mus. Vivamus vestibulum sagittis sapien."
8,293,Nullam varius.
71,356,"Nunc rhoncus dui vel sem. Sed sagittis. Nam congue, risus semper porta volutpat, quam pede lobortis ligula, sit amet eleifend pede libero quis orci."
11,106,Aenean auctor gravida sem.
13,450,Pellentesque ultrices mattis odio. Donec vitae nisi.
58,23,Integer ac neque.
90,150,"Donec diam neque, vestibulum eget, vulputate ut, ultrices vel, augue."
38,48,Fusce consequat. Nulla nisl.
34,467,"Morbi sem mauris, laoreet ut, rhoncus aliquet, pulvinar sed, nisl. Nunc rhoncus dui vel sem. Sed sagittis."
77,295,Aenean fermentum. Donec ut mauris eget massa tempor convallis.
87,327,"Phasellus id sapien in sapien iaculis congue. Vivamus metus arcu, adipiscing molestie, hendrerit at, vulputate vitae, nisl. Aenean lectus."
73,492,Etiam faucibus cursus urna. Ut tellus. Nulla ut erat id mauris vulputate elementum.
80,407,In hac habitasse platea dictumst.
31,279,Nulla tempus. Vivamus in felis eu sapien cursus vestibulum.
24,386,In hac habitasse platea dictumst. Etiam faucibus cursus urna. Ut tellus.
100,187,Etiam pretium iaculis justo.
62,364,"Maecenas leo odio, condimentum id, luctus nec, molestie sed, justo. Pellentesque viverra pede ac diam."
12,22,"Maecenas leo odio, condimentum id, luctus nec, molestie sed, justo. Pellentesque viverra pede ac diam."
25,188,Morbi non quam nec dui luctus rutrum. Nulla tellus. In sagittis dui vel nisl.
62,467,In hac habitasse platea dictumst. Etiam faucibus cursus urna.
30,65,"Vestibulum quam sapien, varius ut, blandit non, interdum in, ante. Vestibulum ante ipsum primis in faucibus orci luctus et ultrices posuere cubilia Curae; Duis faucibus accumsan odio. Curabitur convallis."
77,230,"Donec vitae nisi. Nam ultrices, libero non mattis pulvinar, nulla pede ullamcorper augue, a suscipit nulla elit ac nulla."
59,299,Maecenas pulvinar lobortis est.
78,151,"Proin eu mi. Nulla ac enim. In tempor, turpis nec euismod scelerisque, quam turpis adipiscing lorem, vitae mattis nibh ligula nec sem."
43,231,Cras in purus eu magna vulputate luctus.
31,439,"Aliquam sit amet diam in magna bibendum imperdiet. Nullam orci pede, venenatis non, sodales sed, tincidunt eu, felis."
57,342,"Maecenas leo odio, condimentum id, luctus nec, molestie sed, justo."
