"De-engineered heuristic paradigm","Morbi vestibulum, velit id pretium iaculis, diam erat fermentum justo, nec condimentum neque sapien placerat ante.","2","technology,soccer"
"Fundamental multimedia moratorium","Donec vitae nisi.","68,99,42","politics,food,job,love"
"Distributed cohesive approach","Morbi sem mauris, laoreet ut, rhoncus aliquet, pulvinar sed, nisl. Nunc rhoncus dui vel sem. Sed sagittis.","84,56","religion,celebrity,java,java"
"De-engineered asynchronous synergy","Duis aliquam convallis nunc. Proin at turpis a pede posuere nonummy.","80","job,religion"
"Multi-tiered systemic service-desk","Integer non velit. Donec diam neque, vestibulum eget, vulputate ut, ultrices vel, augue. Vestibulum ante ipsum primis in faucibus orci luctus et ultrices posuere cubilia Curae; Donec pharetra, magna vestibulum aliquet ultrices, erat tortor sollicitudin mi, sit amet lobortis sapien sapien non mi.","73,12","politics,technology"
"Synchronised dedicated protocol","In tempor, turpis nec euismod scelerisque, quam turpis adipiscing lorem, vitae mattis nibh ligula nec sem. Duis aliquam convallis nunc. Proin at turpis a pede posuere nonummy.","71","health"
"Total encompassing knowledge user","Donec odio justo, sollicitudin ut, suscipit a, feugiat et, eros.","10,66,38","job"
"Configurable responsive product","Vivamus tortor. Duis mattis egestas metus.","70","job,politics,food,food"
"Switchable discrete groupware","Phasellus id sapien in sapien iaculis congue. Vivamus metus arcu, adipiscing molestie, hendrerit at, vulputate vitae, nisl. Aenean lectus. Pellentesque eget nunc.","59","beauty"
"Decentralized methodical model","Suspendisse potenti. Nullam porttitor lacus at turpis.","28,92,84","job"
"Ameliorated hybrid middleware","Donec ut mauris eget massa tempor convallis.","58,57","love"
"Cross-platform upward-trending open system","Vestibulum ante ipsum primis in faucibus orci luctus et ultrices posuere cubilia Curae; Donec pharetra, magna vestibulum aliquet ultrices, erat tortor sollicitudin mi, sit amet lobortis sapien sapien non mi.","6,22","art,food"
"Seamless radical task-force","Donec quis orci eget orci vehicula condimentum.","70,20","soccer"
"Cross-group zero administration approach","Nulla justo.","11,41","health,nature,religion"
"Profound bandwidth-monitored algorithm","Duis aliquam convallis nunc.","47,41","java,religion"
"Programmable global algorithm","Morbi odio odio, elementum eu, interdum eu, tincidunt in, leo. Maecenas pulvinar lobortis est. Phasellus sit amet erat. Nulla tempus. Vivamus in felis eu sapien cursus vestibulum.","2,21,51","beauty,gaming"
"Up-sized stable approach","In congue. Etiam justo. Etiam pretium iaculis justo. In hac habitasse platea dictumst. Etiam faucibus cursus urna.","94,41","beauty,food,chess"
"Enterprise-wide full-range system engine","Nullam orci pede, venenatis non, sodales sed, tincidunt eu, felis. Fusce posuere felis sed lacus. Morbi sem mauris, laoreet ut, rhoncus aliquet, pulvinar sed, nisl.","91,81","food,music,art"
"Function-based multimedia workforce","Nunc purus. Phasellus in felis. Donec semper sapien a libero. Nam dui. Proin leo odio, porttitor id, consequat in, consequat ut, nulla.","57,5,57","art"
"User-friendly system-worthy toolset","Praesent blandit. Nam nulla. Integer pede justo, lacinia eget, tincidunt eget, tempus vel, pede. Morbi porttitor lorem id ligula.","48,57,62","religion,food,gaming,music"
"Cross-platform zero tolerance infrastructure","Integer pede justo, lacinia eget, tincidunt eget, tempus vel, pede. Morbi porttitor lorem id ligula. Suspendisse ornare consequat lectus.","86,76","food,job,job"
"Open-architected non-volatile forecast","Nullam molestie nibh in lectus. Pellentesque at nulla.","39,93,89","health,nature"
"Ergonomic dynamic attitude","Cum sociis natoque penatibus et magnis dis parturient montes, nascetur ridiculus mus.","92","health,soccer"
"User-centric global infrastructure","Aliquam non mauris. Morbi non lectus. Aliquam sit amet diam in magna bibendum imperdiet. Nullam orci pede, venenatis non, sodales sed, tincidunt eu, felis. Fusce posuere felis sed lacus.","19,92,84","music,nature"
"Face to face 24/7 strategy","Duis mattis egestas metus. Aenean fermentum. Donec ut mauris eget massa tempor convallis. Nulla neque libero, convallis eget, eleifend luctus, ultricies eu, nibh. Quisque id justo sit amet sapien dignissim vestibulum.","76,39,57","job,love"
"Multi-lateral 24 hour neural-net","Morbi non quam nec dui luctus rutrum. Nulla tellus. In sagittis dui vel nisl.","6,44","java,art,health,soccer"
"Multi-channelled bottom-line knowledge base","Maecenas tincidunt lacus at velit. Vivamus vel nulla eget eros elementum pellentesque.","18","food,beauty,food,soccer"
"Compatible coherent open system","Donec diam neque, vestibulum eget, vulputate ut, ultrices vel, augue.","49,57,94","art,celebrity,beauty,technology"
"Enhanced bifurcated standardization","Phasellus in felis. Donec semper sapien a libero.","86,21,35","art,technology,celebrity"
"Vision-oriented background algorithm","Mauris ullamcorper purus sit amet nulla. Quisque arcu libero, rutrum ac, lobortis vel, dapibus at, diam. Nam tristique tortor eu pede.","61,24,98","chess,java,religion"
"Sharable systematic core","Vestibulum ante ipsum primis in faucibus orci luctus et ultrices posuere cubilia Curae; Donec pharetra, magna vestibulum aliquet ultrices, erat tortor sollicitudin mi, sit amet lobortis sapien sapien non mi. Integer ac neque. Duis bibendum. Morbi non quam nec dui luctus rutrum. Nulla tellus.","11","gaming,soccer,art,soccer"
"Inverse bandwidth-monitored firmware","Morbi vestibulum, velit id pretium iaculis, diam erat fermentum justo, nec condimentum neque sapien placerat ante. Nulla justo. Aliquam quis turpis eget elit sodales scelerisque. Mauris sit amet eros.","20","health,friends"
"Optimized impactful open architecture","Donec semper sapien a libero. Nam dui. Proin leo odio, porttitor id, consequat in, consequat ut, nulla. Sed accumsan felis. Ut at dolor quis odio consequat varius.","44,36","beauty"
"Team-oriented background superstructure","Cum sociis natoque penatibus et magnis dis parturient montes, nascetur ridiculus mus. Vivamus vestibulum sagittis sapien. Cum sociis natoque penatibus et magnis dis parturient montes, nascetur ridiculus mus. Etiam vel augue. Vestibulum rutrum rutrum neque.","19,82,6","music,chess"
"Visionary regional policy","Morbi ut odio. Cras mi pede, malesuada in, imperdiet et, commodo vulputate, justo. In blandit ultrices enim. Lorem ipsum dolor sit amet, consectetuer adipiscing elit. Proin interdum mauris non ligula pellentesque ultrices.","55","music"
"Public-key modular secured line","Ut at dolor quis odio consequat varius. Integer ac leo.","9,6,71","politics,love,health"
"Expanded hybrid superstructure","Vestibulum ante ipsum primis in faucibus orci luctus et ultrices posuere cubilia Curae; Donec pharetra, magna vestibulum aliquet ultrices, erat tortor sollicitudin mi, sit amet lobortis sapien sapien non mi. Integer ac neque. Duis bibendum. Morbi non quam nec dui luctus rutrum.","45,15,12","soccer,health"
"Robust modular initiative","Praesent blandit. Nam nulla. Integer pede justo, lacinia eget, tincidunt eget, tempus vel, pede. Morbi porttitor lorem id ligula. Suspendisse ornare consequat lectus.","19,76","religion,beauty"
"Stand-alone user-facing contingency","Proin interdum mauris non ligula pellentesque ultrices. Phasellus id sapien in sapien iaculis congue.","83,40","religion"
"Extended intermediate approach","Nam ultrices, libero non mattis pulvinar, nulla pede ullamcorper augue, a suscipit nulla elit ac nulla. Sed vel enim sit amet nunc viverra dapibus. Nulla suscipit ligula in lacus. Curabitur at ipsum ac tellus semper interdum. Mauris ullamcorper purus sit amet nulla.","62,69,8","java"
"Profound multimedia toolset","Quisque porta volutpat erat. Quisque erat eros, viverra eget, congue eget, semper rutrum, nulla. Nunc purus.","49","sport,sport,nature,technology"
"Focused mobile product","Nulla ac enim. In tempor, turpis nec euismod scelerisque, quam turpis adipiscing lorem, vitae mattis nibh ligula nec sem. Duis aliquam convallis nunc.","58,10","politics,gaming"
"Multi-channelled zero tolerance focus group","Quisque ut erat. Curabitur gravida nisi at nibh. In hac habitasse platea dictumst. Aliquam augue quam, sollicitudin vitae, consectetuer eget, rutrum at, lorem. Integer tincidunt ante vel ipsum.","55","nature,celebrity,friends,friends"
"Optional static application","Aenean auctor gravida sem. Praesent id massa id nisl venenatis lacinia.","55,87","sport,beauty,soccer"
"Distributed background success","Praesent blandit lacinia erat. Vestibulum sed magna at nunc commodo placerat.","68,59","job,food,sport,beauty"
"Diverse logistical application","Nullam orci pede, venenatis non, sodales sed, tincidunt eu, felis. Fusce posuere felis sed lacus.","72,89","celebrity,beauty"
"Visionary 4th generation software","Quisque erat eros, viverra eget, congue eget, semper rutrum, nulla. Nunc purus. Phasellus in felis. Donec semper sapien a libero. Nam dui.","77,34","chess,sport,religion"
"Total multi-state strategy","Nam nulla. Integer pede justo, lacinia eget, tincidunt eget, tempus vel, pede. Morbi porttitor lorem id ligula. Suspendisse ornare consequat lectus.","66","art,soccer"
"Enhanced interactive installation","Nunc nisl. Duis bibendum, felis sed interdum venenatis, turpis enim blandit mi, in porttitor pede justo eu massa. Donec dapibus.","84,15,67","soccer"
"Stand-alone cohesive definition","Integer tincidunt ante vel ipsum. Praesent blandit lacinia erat. Vestibulum sed magna at nunc commodo placerat. Praesent blandit.","30","beauty,art,music"
"Adaptive bandwidth-monitored projection","Sed ante. Vivamus tortor. Duis mattis egestas metus. Aenean fermentum. Donec ut mauris eget massa tempor convallis.","85,84","art,art,nature,beauty"
"Progressive 24 hour neural-net","In blandit ultrices enim. Lorem ipsum dolor sit amet, consectetuer adipiscing elit. Proin interdum mauris non ligula pellentesque ultrices. Phasellus id sapien in sapien iaculis congue. Vivamus metus arcu, adipiscing molestie, hendrerit at, vulputate vitae, nisl.","76,39","technology,politics,love"
"Down-sized fault-tolerant migration","Integer pede justo, lacinia eget, tincidunt eget, tempus vel, pede. Morbi porttitor lorem id ligula. Suspendisse ornare consequat lectus. In est risus, auctor sed, tristique in, tempus sit amet, sem. Fusce consequat.","18,2","nature,religion,gaming"
"Upgradable well-modulated definition","Vivamus vel nulla eget eros elementum pellentesque. Quisque porta volutpat erat. Quisque erat eros, viverra eget, congue eget, semper rutrum, nulla. Nunc purus. Phasellus in felis.","95,70,69","nature,celebrity,religion"
"Face to face solution-oriented emulation","Nulla suscipit ligula in lacus. Curabitur at ipsum ac tellus semper interdum.","71,40,35","beauty,java,beauty"
"Implemented actuating contingency","Vestibulum ac est lacinia nisi venenatis tristique. Fusce congue, diam id ornare imperdiet, sapien urna pretium nisl, ut volutpat sapien arcu sed augue.","3","technology,music,soccer,art"
"Sharable eco-centric policy","Nullam orci pede, venenatis non, sodales sed, tincidunt eu, felis. Fusce posuere felis sed lacus.","41,44,15","nature,food"
"Future-proofed reciprocal synergy","Quisque porta volutpat erat. Quisque erat eros, viverra eget, congue eget, semper rutrum, nulla. Nunc purus.","61","chess,love,art"
"Right-sized holistic protocol","In congue. Etiam justo. Etiam pretium iaculis justo. In hac habitasse platea dictumst. Etiam faucibus cursus urna.","70,42,15","art,technology,music"
"Stand-alone 24 hour focus group","Nulla nisl. Nunc nisl. Duis bibendum, felis sed interdum venenatis, turpis enim blandit mi, in porttitor pede justo eu massa. Donec dapibus.","13,67","music,politics"
"Realigned tertiary structure","Sed ante. Vivamus tortor. Duis mattis egestas metus. Aenean fermentum.","2,84,95","celebrity,gaming,art"
"Networked bandwidth-monitored help-desk","Vestibulum sed magna at nunc commodo placerat.","14,78,16","religion,politics,music,health"
"Configurable modular support","Vestibulum ante ipsum primis in faucibus orci luctus et ultrices posuere cubilia Curae; Duis faucibus accumsan odio.","74,19","politics,friends,celebrity"
"Digitized interactive task-force","Maecenas tincidunt lacus at velit. Vivamus vel nulla eget eros elementum pellentesque. Quisque porta volutpat erat.","43,49,68","nature"
"Managed intangible pricing structure","Vivamus tortor. Duis mattis egestas metus.","2","java,food,religion"
"Managed contextually-based synergy","Nullam sit amet turpis elementum ligula vehicula consequat. Morbi a ipsum. Integer a nibh.","2,94,38","sport,gaming"
"Optional real-time algorithm","Praesent lectus. Vestibulum quam sapien, varius ut, blandit non, interdum in, ante. Vestibulum ante ipsum primis in faucibus orci luctus et ultrices posuere cubilia Curae; Duis faucibus accumsan odio. Curabitur convallis.","65,74","celebrity,food,job"
"Reduced transitional attitude","Vestibulum ante ipsum primis in faucibus orci luctus et ultrices posuere cubilia Curae; Mauris viverra diam vitae quam. Suspendisse potenti.","95,6","sport,politics"
"Focused zero tolerance moderator","Mauris ullamcorper purus sit amet nulla.","32,48,68","food,gaming,technology,beauty"
"Multi-channelled client-driven infrastructure","Nullam sit amet turpis elementum ligula vehicula consequat. Morbi a ipsum. Integer a nibh.","83","love,technology,soccer,food"
"Balanced asymmetric monitoring","Nulla neque libero, convallis eget, eleifend luctus, ultricies eu, nibh. Quisque id justo sit amet sapien dignissim vestibulum. Vestibulum ante ipsum primis in faucibus orci luctus et ultrices posuere cubilia Curae; Nulla dapibus dolor vel est. Donec odio justo, sollicitudin ut, suscipit a, feugiat et, eros.","1,40","nature"
"Fundamental 4th generation frame","Quisque id justo sit amet sapien dignissim vestibulum. Vestibulum ante ipsum primis in faucibus orci luctus et ultrices posuere cubilia Curae; Nulla dapibus dolor vel est.","8,43","chess,friends"
"Cross-group demand-driven intranet","Donec posuere metus vitae ipsum. Aliquam non mauris.","10","beauty,chess"
"Adaptive intermediate synergy","Pellentesque viverra pede ac diam. Cras pellentesque volutpat dui.","13,34,95","music,religion,love"
"Balanced transitional function","Integer aliquet, massa id lobortis convallis, tortor risus dapibus augue, vel accumsan tellus nisi eu orci. Mauris lacinia sapien quis libero. Nullam sit amet turpis elementum ligula vehicula consequat. Morbi a ipsum. Integer a nibh.","54,60,22","friends,health"
"Triple-buffered logistical methodology","Curabitur convallis.","21,84","chess,art,religion,art"
"Open-source composite frame","Nulla nisl. Nunc nisl.","27,20,25","beauty,job"
"Implemented tangible definition","Morbi vel lectus in quam fringilla rhoncus. Mauris enim leo, rhoncus sed, vestibulum sit amet, cursus id, turpis.","38,49,48","love"
"Streamlined hybrid matrices","Cum sociis natoque penatibus et magnis dis parturient montes, nascetur ridiculus mus. Etiam vel augue. Vestibulum rutrum rutrum neque. Aenean auctor gravida sem. Praesent id massa id nisl venenatis lacinia.","10","job,friends,politics,nature"
"Synergistic 24/7 collaboration","Morbi a ipsum. Integer a nibh. In quis justo.","54","technology,health,politics"
"Versatile disintermediate database","In hac habitasse platea dictumst. Morbi vestibulum, velit id pretium iaculis, diam erat fermentum justo, nec condimentum neque sapien placerat ante. Nulla justo. Aliquam quis turpis eget elit sodales scelerisque.","89","gaming,job,gaming"
"Reactive didactic algorithm","Lorem ipsum dolor sit amet, consectetuer adipiscing elit. Proin risus. Praesent lectus. Vestibulum quam sapien, varius ut, blandit non, interdum in, ante. Vestibulum ante ipsum primis in faucibus orci luctus et ultrices posuere cubilia Curae; Duis faucibus accumsan odio.","25,45,81","celebrity"
"Enterprise-wide transitional circuit","Duis consequat dui nec nisi volutpat eleifend. Donec ut dolor.","94","nature,technology,love,celebrity"
"Upgradable background customer loyalty","Vestibulum sed magna at nunc commodo placerat. Praesent blandit. Nam nulla.","14","music,job,soccer,nature"
"Stand-alone 5th generation complexity","Nam congue, risus semper porta volutpat, quam pede lobortis ligula, sit amet eleifend pede libero quis orci. Nullam molestie nibh in lectus.","77,28,42","gaming"
"Streamlined directional functionalities","Suspendisse potenti. In eleifend quam a odio. In hac habitasse platea dictumst. Maecenas ut massa quis augue luctus tincidunt.","65","music,nature,technology"
"Right-sized fresh-thinking contingency","Aliquam quis turpis eget elit sodales scelerisque. Mauris sit amet eros. Suspendisse accumsan tortor quis turpis. Sed ante. Vivamus tortor.","79,57,5","soccer"
"Object-based foreground toolset","Integer tincidunt ante vel ipsum.","86","food"
"Proactive modular protocol","In est risus, auctor sed, tristique in, tempus sit amet, sem.","8,93","java,nature"
"Synergized responsive hierarchy","Pellentesque ultrices mattis odio. Donec vitae nisi. Nam ultrices, libero non mattis pulvinar, nulla pede ullamcorper augue, a suscipit nulla elit ac nulla. Sed vel enim sit amet nunc viverra dapibus. Nulla suscipit ligula in lacus.","36,41","beauty"
"Cross-group web-enabled intranet","Nulla tellus. In sagittis dui vel nisl.","90,54","chess,technology,soccer"
"Decentralized exuding methodology","Nulla mollis molestie lorem. Quisque ut erat.","15,82","sport"
"Secured object-oriented framework","Curabitur convallis.","12,32,61","art"
"Cloned attitude-oriented model","Aenean lectus.","58,6,55","friends,music"
"Self-enabling fault-tolerant info-mediaries","Morbi non quam nec dui luctus rutrum. Nulla tellus. In sagittis dui vel nisl.","60,17","gaming,friends,food"
"Advanced transitional moratorium","Maecenas tincidunt lacus at velit. Vivamus vel nulla eget eros elementum pellentesque. Quisque porta volutpat erat. Quisque erat eros, viverra eget, congue eget, semper rutrum, nulla. Nunc purus.","81","politics,beauty"
"Optional leading edge Graphic Interface","In tempor, turpis nec euismod scelerisque, quam turpis adipiscing lorem, vitae mattis nibh ligula nec sem.","70,92,49","chess,friends,sport"
"Synergistic fault-tolerant local area network","Suspendisse potenti. Nullam porttitor lacus at turpis.","37,51,72","friends,job"
"Fundamental user-facing parallelism","Nulla justo. Aliquam quis turpis eget elit sodales scelerisque. Mauris sit amet eros. Suspendisse accumsan tortor quis turpis. Sed ante.","24,24","chess"
"Managed intangible open architecture","Sed ante. Vivamus tortor. Duis mattis egestas metus. Aenean fermentum.","74","soccer"
"Integrated well-modulated challenge","In blandit ultrices enim. Lorem ipsum dolor sit amet, consectetuer adipiscing elit. Proin interdum mauris non ligula pellentesque ultrices. Phasellus id sapien in sapien iaculis congue. Vivamus metus arcu, adipiscing molestie, hendrerit at, vulputate vitae, nisl.","37,52,87","health,food,art"
"Assimilated homogeneous product","Duis aliquam convallis nunc.","5","health,friends"
"Customizable analyzing initiative","Nulla nisl. Nunc nisl. Duis bibendum, felis sed interdum venenatis, turpis enim blandit mi, in porttitor pede justo eu massa. Donec dapibus.","59,4","politics,religion"
"Synergistic secondary service-desk","Fusce posuere felis sed lacus.","19","beauty"
"Optimized needs-based methodology","In hac habitasse platea dictumst.","99,78","job"
"Sharable maximized structure","Nullam sit amet turpis elementum ligula vehicula consequat. Morbi a ipsum. Integer a nibh.","53,86","beauty,beauty,friends"
"Configurable static encoding","Morbi ut odio. Cras mi pede, malesuada in, imperdiet et, commodo vulputate, justo. In blandit ultrices enim. Lorem ipsum dolor sit amet, consectetuer adipiscing elit.","37","gaming,religion"
"Customizable stable portal","Curabitur convallis. Duis consequat dui nec nisi volutpat eleifend.","14","music,friends"
"Universal optimizing architecture","Morbi vel lectus in quam fringilla rhoncus. Mauris enim leo, rhoncus sed, vestibulum sit amet, cursus id, turpis.","76,26","sport,politics,music"
"Devolved bifurcated local area network","Proin leo odio, porttitor id, consequat in, consequat ut, nulla. Sed accumsan felis. Ut at dolor quis odio consequat varius. Integer ac leo.","44,54,10","gaming,soccer,music"
"Multi-layered needs-based monitoring","Proin leo odio, porttitor id, consequat in, consequat ut, nulla. Sed accumsan felis. Ut at dolor quis odio consequat varius. Integer ac leo.","48,95,2","gaming"
"Fully-configurable explicit synergy","Curabitur in libero ut massa volutpat convallis. Morbi odio odio, elementum eu, interdum eu, tincidunt in, leo. Maecenas pulvinar lobortis est. Phasellus sit amet erat. Nulla tempus.","37","food,chess,soccer,sport"
"Robust holistic moratorium","Praesent blandit. Nam nulla. Integer pede justo, lacinia eget, tincidunt eget, tempus vel, pede. Morbi porttitor lorem id ligula.","17,32","soccer,beauty,chess"
"Upgradable logistical attitude","Aliquam erat volutpat. In congue.","69,87","health,sport"
"Up-sized homogeneous access","Vestibulum ac est lacinia nisi venenatis tristique. Fusce congue, diam id ornare imperdiet, sapien urna pretium nisl, ut volutpat sapien arcu sed augue.","21,46,78","friends,art"
"Horizontal needs-based synergy","Pellentesque at nulla.","18,95,89","politics,food"
"Innovative asymmetric moratorium","Suspendisse potenti. Nullam porttitor lacus at turpis.","70","job,religion,java"
"Synergized background methodology","Integer aliquet, massa id lobortis convallis, tortor risus dapibus augue, vel accumsan tellus nisi eu orci. Mauris lacinia sapien quis libero. Nullam sit amet turpis elementum ligula vehicula consequat. Morbi a ipsum. Integer a nibh.","8","chess,food,java,music"
"Open-architected intermediate parallelism","In tempor, turpis nec euismod scelerisque, quam turpis adipiscing lorem, vitae mattis nibh ligula nec sem. Duis aliquam convallis nunc. Proin at turpis a pede posuere nonummy. Integer non velit. Donec diam neque, vestibulum eget, vulputate ut, ultrices vel, augue.","38","art,gaming,chess,friends"
"Object-based composite knowledge base","Fusce lacus purus, aliquet at, feugiat non, pretium quis, lectus. Suspendisse potenti. In eleifend quam a odio.","58","chess,gaming,friends,chess"
"Virtual methodical utilisation","Sed sagittis. Nam congue, risus semper porta volutpat, quam pede lobortis ligula, sit amet eleifend pede libero quis orci. Nullam molestie nibh in lectus.","53,82,23","technology,health,food,religion"
"Stand-alone clear-thinking definition","Sed ante. Vivamus tortor. Duis mattis egestas metus. Aenean fermentum.","53,62","health"
"Persistent contextually-based data-warehouse","Nullam porttitor lacus at turpis. Donec posuere metus vitae ipsum. Aliquam non mauris. Morbi non lectus.","74,44","religion,nature"
"Implemented human-resource Graphical User Interface","In hac habitasse platea dictumst.","52","health"
"Business-focused zero tolerance budgetary management","Nulla ut erat id mauris vulputate elementum.","31","friends,art,religion,sport"
"Business-focused 6th generation flexibility","In hac habitasse platea dictumst. Morbi vestibulum, velit id pretium iaculis, diam erat fermentum justo, nec condimentum neque sapien placerat ante.","29,77","job,job"
"Enhanced interactive approach","Nullam molestie nibh in lectus. Pellentesque at nulla.","99,75,53","friends,java,food"
"Adaptive impactful moderator","In tempor, turpis nec euismod scelerisque, quam turpis adipiscing lorem, vitae mattis nibh ligula nec sem. Duis aliquam convallis nunc. Proin at turpis a pede posuere nonummy.","89","beauty,friends,soccer,nature"
"Total dynamic instruction set","Praesent lectus. Vestibulum quam sapien, varius ut, blandit non, interdum in, ante. Vestibulum ante ipsum primis in faucibus orci luctus et ultrices posuere cubilia Curae; Duis faucibus accumsan odio. Curabitur convallis.","64,44,38","food"
"Grass-roots leading edge adapter","Pellentesque at nulla. Suspendisse potenti. Cras in purus eu magna vulputate luctus.","72","chess"
"Right-sized mobile moderator","Mauris lacinia sapien quis libero.","73,99,68","nature,food,gaming"
"Seamless composite software","Integer non velit. Donec diam neque, vestibulum eget, vulputate ut, ultrices vel, augue. Vestibulum ante ipsum primis in faucibus orci luctus et ultrices posuere cubilia Curae; Donec pharetra, magna vestibulum aliquet ultrices, erat tortor sollicitudin mi, sit amet lobortis sapien sapien non mi. Integer ac neque.","18,78","celebrity,love,java"
"Organic motivating application","Integer non velit. Donec diam neque, vestibulum eget, vulputate ut, ultrices vel, augue.","40","soccer,music,chess,music"
"Synergistic cohesive ability","Nulla ac enim. In tempor, turpis nec euismod scelerisque, quam turpis adipiscing lorem, vitae mattis nibh ligula nec sem. Duis aliquam convallis nunc.","94,19","sport,chess"
"Optional tangible hardware","Vestibulum ante ipsum primis in faucibus orci luctus et ultrices posuere cubilia Curae; Nulla dapibus dolor vel est.","33,56,88","soccer,soccer"
"Down-sized eco-centric installation","Duis mattis egestas metus. Aenean fermentum. Donec ut mauris eget massa tempor convallis.","87","food,technology"
"Focused bifurcated structure","Lorem ipsum dolor sit amet, consectetuer adipiscing elit. Proin interdum mauris non ligula pellentesque ultrices. Phasellus id sapien in sapien iaculis congue. Vivamus metus arcu, adipiscing molestie, hendrerit at, vulputate vitae, nisl. Aenean lectus.","21,80,66","technology,art"
"Mandatory zero defect conglomeration","Nulla neque libero, convallis eget, eleifend luctus, ultricies eu, nibh. Quisque id justo sit amet sapien dignissim vestibulum. Vestibulum ante ipsum primis in faucibus orci luctus et ultrices posuere cubilia Curae; Nulla dapibus dolor vel est. Donec odio justo, sollicitudin ut, suscipit a, feugiat et, eros. Vestibulum ac est lacinia nisi venenatis tristique.","21,74","food,religion,technology"
"Profound client-driven alliance","Quisque arcu libero, rutrum ac, lobortis vel, dapibus at, diam.","85","art"
"Team-oriented composite customer loyalty","Pellentesque at nulla. Suspendisse potenti. Cras in purus eu magna vulputate luctus.","95,37,60","sport,gaming,beauty,technology"
"Triple-buffered executive moratorium","Mauris sit amet eros. Suspendisse accumsan tortor quis turpis.","2,15,85","politics,religion,gaming"
"Sharable bifurcated initiative","Fusce congue, diam id ornare imperdiet, sapien urna pretium nisl, ut volutpat sapien arcu sed augue. Aliquam erat volutpat.","96,29,21","politics,celebrity,music"
"Switchable client-driven Graphical User Interface","Quisque id justo sit amet sapien dignissim vestibulum. Vestibulum ante ipsum primis in faucibus orci luctus et ultrices posuere cubilia Curae; Nulla dapibus dolor vel est. Donec odio justo, sollicitudin ut, suscipit a, feugiat et, eros. Vestibulum ac est lacinia nisi venenatis tristique. Fusce congue, diam id ornare imperdiet, sapien urna pretium nisl, ut volutpat sapien arcu sed augue.","82,17","love"
"Re-contextualized even-keeled instruction set","Fusce lacus purus, aliquet at, feugiat non, pretium quis, lectus. Suspendisse potenti. In eleifend quam a odio.","10,36,57","beauty"
"Grass-roots explicit analyzer","Nullam porttitor lacus at turpis. Donec posuere metus vitae ipsum. Aliquam non mauris. Morbi non lectus. Aliquam sit amet diam in magna bibendum imperdiet.","89","beauty"
"Extended modular Graphical User Interface","Duis bibendum, felis sed interdum venenatis, turpis enim blandit mi, in porttitor pede justo eu massa. Donec dapibus. Duis at velit eu est congue elementum. In hac habitasse platea dictumst.","93,95","health,sport,friends,religion"
"Diverse attitude-oriented instruction set","Vestibulum ante ipsum primis in faucibus orci luctus et ultrices posuere cubilia Curae; Duis faucibus accumsan odio. Curabitur convallis. Duis consequat dui nec nisi volutpat eleifend. Donec ut dolor. Morbi vel lectus in quam fringilla rhoncus.","89,52,17","love,sport,job"
"Switchable coherent ability","Lorem ipsum dolor sit amet, consectetuer adipiscing elit.","86,83,10","art"
"Balanced content-based array","Fusce posuere felis sed lacus. Morbi sem mauris, laoreet ut, rhoncus aliquet, pulvinar sed, nisl. Nunc rhoncus dui vel sem. Sed sagittis.","48,70","beauty"
"Organized regional product","In eleifend quam a odio. In hac habitasse platea dictumst. Maecenas ut massa quis augue luctus tincidunt. Nulla mollis molestie lorem. Quisque ut erat.","2","music,gaming,religion,soccer"
"Proactive zero tolerance extranet","Cras mi pede, malesuada in, imperdiet et, commodo vulputate, justo. In blandit ultrices enim.","92,12","love,friends,celebrity,health"
"Proactive radical groupware","Suspendisse potenti. In eleifend quam a odio. In hac habitasse platea dictumst. Maecenas ut massa quis augue luctus tincidunt.","91,51","love,food"
"Customizable empowering emulation","Vestibulum ante ipsum primis in faucibus orci luctus et ultrices posuere cubilia Curae; Donec pharetra, magna vestibulum aliquet ultrices, erat tortor sollicitudin mi, sit amet lobortis sapien sapien non mi.","11,55","chess,beauty,politics,politics"
"Monitored object-oriented implementation","Mauris sit amet eros. Suspendisse accumsan tortor quis turpis. Sed ante. Vivamus tortor. Duis mattis egestas metus.","50,1","job"
"Organized responsive service-desk","Morbi quis tortor id nulla ultrices aliquet. Maecenas leo odio, condimentum id, luctus nec, molestie sed, justo. Pellentesque viverra pede ac diam. Cras pellentesque volutpat dui. Maecenas tristique, est et tempus semper, est quam pharetra magna, ac consequat metus sapien ut nunc.","43,67","job,java,gaming"
"Devolved multi-state intranet","Donec odio justo, sollicitudin ut, suscipit a, feugiat et, eros.","82","art,technology,java"
"Synergistic stable data-warehouse","Nulla justo. Aliquam quis turpis eget elit sodales scelerisque.","27,27,41","celebrity,music,java"
"Robust full-range neural-net","Mauris ullamcorper purus sit amet nulla.","57,65,35","gaming,music,music"
"Advanced static capability","In eleifend quam a odio. In hac habitasse platea dictumst. Maecenas ut massa quis augue luctus tincidunt. Nulla mollis molestie lorem.","77","health,nature"
"User-centric 6th generation system engine","Nulla facilisi. Cras non velit nec nisi vulputate nonummy.","51","sport"
"Compatible empowering concept","Duis aliquam convallis nunc. Proin at turpis a pede posuere nonummy. Integer non velit. Donec diam neque, vestibulum eget, vulputate ut, ultrices vel, augue. Vestibulum ante ipsum primis in faucibus orci luctus et ultrices posuere cubilia Curae; Donec pharetra, magna vestibulum aliquet ultrices, erat tortor sollicitudin mi, sit amet lobortis sapien sapien non mi.","70,66,27","chess"
"Object-based mobile knowledge base","Etiam faucibus cursus urna. Ut tellus.","94,5","friends,love,religion,love"
"Synchronised dedicated initiative","Maecenas tristique, est et tempus semper, est quam pharetra magna, ac consequat metus sapien ut nunc. Vestibulum ante ipsum primis in faucibus orci luctus et ultrices posuere cubilia Curae; Mauris viverra diam vitae quam. Suspendisse potenti. Nullam porttitor lacus at turpis.","39,58","nature,art"
"Horizontal scalable website","Fusce congue, diam id ornare imperdiet, sapien urna pretium nisl, ut volutpat sapien arcu sed augue. Aliquam erat volutpat. In congue.","20,53","job,technology,beauty,sport"
"Streamlined even-keeled orchestration","Donec quis orci eget orci vehicula condimentum.","17","love,friends,technology,health"
"Innovative stable function","In blandit ultrices enim. Lorem ipsum dolor sit amet, consectetuer adipiscing elit.","70,93,87","sport"
"Business-focused impactful orchestration","Donec posuere metus vitae ipsum. Aliquam non mauris. Morbi non lectus. Aliquam sit amet diam in magna bibendum imperdiet. Nullam orci pede, venenatis non, sodales sed, tincidunt eu, felis.","6,29,6","politics,music"
"Cloned executive workforce","Donec diam neque, vestibulum eget, vulputate ut, ultrices vel, augue. Vestibulum ante ipsum primis in faucibus orci luctus et ultrices posuere cubilia Curae; Donec pharetra, magna vestibulum aliquet ultrices, erat tortor sollicitudin mi, sit amet lobortis sapien sapien non mi. Integer ac neque.","38","job,java"
"Self-enabling high-level orchestration","Nulla tempus. Vivamus in felis eu sapien cursus vestibulum. Proin eu mi. Nulla ac enim. In tempor, turpis nec euismod scelerisque, quam turpis adipiscing lorem, vitae mattis nibh ligula nec sem.","47","politics,nature,job"
"Horizontal fresh-thinking initiative","Morbi a ipsum. Integer a nibh. In quis justo.","39,52","job,politics,food,music"
"Realigned impactful Graphic Interface","Nam nulla. Integer pede justo, lacinia eget, tincidunt eget, tempus vel, pede. Morbi porttitor lorem id ligula. Suspendisse ornare consequat lectus. In est risus, auctor sed, tristique in, tempus sit amet, sem.","64","job,politics,soccer,religion"
"Open-source multimedia Graphic Interface","Vivamus tortor. Duis mattis egestas metus. Aenean fermentum. Donec ut mauris eget massa tempor convallis.","98","music"
"Polarised executive emulation","Vestibulum ac est lacinia nisi venenatis tristique. Fusce congue, diam id ornare imperdiet, sapien urna pretium nisl, ut volutpat sapien arcu sed augue.","58,26","religion,java,politics,health"
"Object-based static contingency","Quisque arcu libero, rutrum ac, lobortis vel, dapibus at, diam.","42,26,29","art"
"Persevering reciprocal standardization","Proin interdum mauris non ligula pellentesque ultrices. Phasellus id sapien in sapien iaculis congue. Vivamus metus arcu, adipiscing molestie, hendrerit at, vulputate vitae, nisl. Aenean lectus.","32,57","soccer,music"
"Stand-alone optimal leverage","Proin at turpis a pede posuere nonummy. Integer non velit. Donec diam neque, vestibulum eget, vulputate ut, ultrices vel, augue.","47","love"
"User-friendly asymmetric superstructure","Maecenas tristique, est et tempus semper, est quam pharetra magna, ac consequat metus sapien ut nunc. Vestibulum ante ipsum primis in faucibus orci luctus et ultrices posuere cubilia Curae; Mauris viverra diam vitae quam. Suspendisse potenti.","33","food,gaming,sport,celebrity"
"Exclusive secondary firmware","Vestibulum ac est lacinia nisi venenatis tristique.","84","chess,soccer,soccer"
"Right-sized scalable alliance","Morbi sem mauris, laoreet ut, rhoncus aliquet, pulvinar sed, nisl. Nunc rhoncus dui vel sem. Sed sagittis. Nam congue, risus semper porta volutpat, quam pede lobortis ligula, sit amet eleifend pede libero quis orci. Nullam molestie nibh in lectus.","54,15,8","technology"
"Virtual mobile extranet","Mauris sit amet eros. Suspendisse accumsan tortor quis turpis. Sed ante.","78,89,48","beauty,food,friends"
"Enhanced web-enabled infrastructure","Nam nulla. Integer pede justo, lacinia eget, tincidunt eget, tempus vel, pede. Morbi porttitor lorem id ligula. Suspendisse ornare consequat lectus.","65","technology,job,music,food"
"Visionary logistical approach","Nulla ut erat id mauris vulputate elementum.","83,27,25","food,religion,politics,love"
"Front-line fault-tolerant conglomeration","Cum sociis natoque penatibus et magnis dis parturient montes, nascetur ridiculus mus. Etiam vel augue. Vestibulum rutrum rutrum neque.","82","soccer,religion,politics"
"Horizontal encompassing definition","Duis bibendum. Morbi non quam nec dui luctus rutrum.","18","sport,food"
"Synergized real-time hierarchy","Quisque id justo sit amet sapien dignissim vestibulum. Vestibulum ante ipsum primis in faucibus orci luctus et ultrices posuere cubilia Curae; Nulla dapibus dolor vel est. Donec odio justo, sollicitudin ut, suscipit a, feugiat et, eros. Vestibulum ac est lacinia nisi venenatis tristique.","69","beauty,friends,nature"
"Assimilated needs-based portal","Suspendisse accumsan tortor quis turpis.","42","religion,sport,job"
"Horizontal non-volatile matrices","Vivamus vel nulla eget eros elementum pellentesque.","60,94,39","soccer,sport,technology,friends"
"Cross-group systemic success","Aliquam erat volutpat. In congue. Etiam justo. Etiam pretium iaculis justo.","50,66,23","religion,technology,chess,music"
"Synergistic bottom-line application","Morbi vel lectus in quam fringilla rhoncus. Mauris enim leo, rhoncus sed, vestibulum sit amet, cursus id, turpis. Integer aliquet, massa id lobortis convallis, tortor risus dapibus augue, vel accumsan tellus nisi eu orci. Mauris lacinia sapien quis libero.","99,46","health,soccer,beauty,love"
"Secured systematic hardware","Aenean lectus. Pellentesque eget nunc. Donec quis orci eget orci vehicula condimentum. Curabitur in libero ut massa volutpat convallis. Morbi odio odio, elementum eu, interdum eu, tincidunt in, leo.","13,67,52","love,sport,technology"
"Open-source bandwidth-monitored adapter","Nulla suscipit ligula in lacus.","46","health,celebrity,religion,love"
"Multi-lateral global conglomeration","Nulla nisl. Nunc nisl. Duis bibendum, felis sed interdum venenatis, turpis enim blandit mi, in porttitor pede justo eu massa. Donec dapibus. Duis at velit eu est congue elementum.","66,29","technology,gaming"
"Profound contextually-based contingency","Suspendisse potenti. Nullam porttitor lacus at turpis. Donec posuere metus vitae ipsum. Aliquam non mauris. Morbi non lectus.","62,22,69","chess,soccer"
"Configurable system-worthy superstructure","Curabitur gravida nisi at nibh. In hac habitasse platea dictumst. Aliquam augue quam, sollicitudin vitae, consectetuer eget, rutrum at, lorem.","30,60,12","java,religion,health,job"
"Digitized zero defect architecture","Proin risus. Praesent lectus.","81","sport,sport,chess,love"
"Expanded directional analyzer","Pellentesque at nulla. Suspendisse potenti. Cras in purus eu magna vulputate luctus. Cum sociis natoque penatibus et magnis dis parturient montes, nascetur ridiculus mus.","19,23,30","beauty,health,art,java"
"Polarised fault-tolerant firmware","Integer tincidunt ante vel ipsum.","69","friends,love,job"
"Optimized explicit artificial intelligence","Suspendisse accumsan tortor quis turpis. Sed ante. Vivamus tortor.","19,70,83","friends"
"Fundamental 4th generation info-mediaries","Vivamus tortor. Duis mattis egestas metus. Aenean fermentum.","92,26","art,celebrity,love,chess"
"Pre-emptive intermediate concept","Integer non velit. Donec diam neque, vestibulum eget, vulputate ut, ultrices vel, augue. Vestibulum ante ipsum primis in faucibus orci luctus et ultrices posuere cubilia Curae; Donec pharetra, magna vestibulum aliquet ultrices, erat tortor sollicitudin mi, sit amet lobortis sapien sapien non mi. Integer ac neque. Duis bibendum.","13,58","chess,job"
"Persistent clear-thinking hardware","Donec quis orci eget orci vehicula condimentum.","31","music"
"Robust global process improvement","Morbi vel lectus in quam fringilla rhoncus. Mauris enim leo, rhoncus sed, vestibulum sit amet, cursus id, turpis. Integer aliquet, massa id lobortis convallis, tortor risus dapibus augue, vel accumsan tellus nisi eu orci. Mauris lacinia sapien quis libero. Nullam sit amet turpis elementum ligula vehicula consequat.","32,1","beauty"
"Exclusive eco-centric open system","Vestibulum ante ipsum primis in faucibus orci luctus et ultrices posuere cubilia Curae; Duis faucibus accumsan odio. Curabitur convallis. Duis consequat dui nec nisi volutpat eleifend. Donec ut dolor.","4,21,78","politics"
"Re-contextualized solution-oriented moratorium","Maecenas pulvinar lobortis est. Phasellus sit amet erat. Nulla tempus. Vivamus in felis eu sapien cursus vestibulum.","64,47,23","food"
"Total impactful standardization","Integer ac leo. Pellentesque ultrices mattis odio. Donec vitae nisi. Nam ultrices, libero non mattis pulvinar, nulla pede ullamcorper augue, a suscipit nulla elit ac nulla.","42,74,55","food,soccer,gaming"
"Robust radical encryption","Morbi non quam nec dui luctus rutrum. Nulla tellus. In sagittis dui vel nisl. Duis ac nibh.","46,94","friends,celebrity,java,food"
"Focused heuristic hub","Maecenas ut massa quis augue luctus tincidunt. Nulla mollis molestie lorem. Quisque ut erat.","31","politics,sport"
"Reverse-engineered scalable adapter","Aenean auctor gravida sem. Praesent id massa id nisl venenatis lacinia. Aenean sit amet justo. Morbi ut odio. Cras mi pede, malesuada in, imperdiet et, commodo vulputate, justo.","83,36,87","food,nature"
"User-friendly uniform attitude","Phasellus in felis. Donec semper sapien a libero. Nam dui. Proin leo odio, porttitor id, consequat in, consequat ut, nulla. Sed accumsan felis.","23","politics"
"Reactive bifurcated matrix","Donec semper sapien a libero. Nam dui. Proin leo odio, porttitor id, consequat in, consequat ut, nulla.","26","politics,java,politics,food"
"Profound system-worthy product","Nulla ut erat id mauris vulputate elementum. Nullam varius. Nulla facilisi. Cras non velit nec nisi vulputate nonummy.","73,51,78","religion"
"Virtual local help-desk","Nulla neque libero, convallis eget, eleifend luctus, ultricies eu, nibh. Quisque id justo sit amet sapien dignissim vestibulum.","66","religion,celebrity,food,music"
"Multi-tiered stable instruction set","Aenean sit amet justo. Morbi ut odio. Cras mi pede, malesuada in, imperdiet et, commodo vulputate, justo.","39","gaming,soccer,art,job"
"Open-source 3rd generation open system","Integer non velit.","60,41","chess"
"Enhanced optimizing structure","Aenean auctor gravida sem. Praesent id massa id nisl venenatis lacinia. Aenean sit amet justo. Morbi ut odio. Cras mi pede, malesuada in, imperdiet et, commodo vulputate, justo.","40,30","celebrity"
"Face to face optimal instruction set","Vestibulum ante ipsum primis in faucibus orci luctus et ultrices posuere cubilia Curae; Duis faucibus accumsan odio. Curabitur convallis. Duis consequat dui nec nisi volutpat eleifend. Donec ut dolor.","18,34,77","food,job,gaming,health"
"Organic systemic website","In hac habitasse platea dictumst.","79,12,24","religion,health"
"User-friendly scalable circuit","Integer a nibh. In quis justo. Maecenas rhoncus aliquam lacus. Morbi quis tortor id nulla ultrices aliquet.","40,82,87","love,music,chess"
"Organic bi-directional flexibility","Integer pede justo, lacinia eget, tincidunt eget, tempus vel, pede. Morbi porttitor lorem id ligula. Suspendisse ornare consequat lectus. In est risus, auctor sed, tristique in, tempus sit amet, sem.","20,21","art,java,gaming,beauty"
"Synergized human-resource moratorium","Nulla neque libero, convallis eget, eleifend luctus, ultricies eu, nibh. Quisque id justo sit amet sapien dignissim vestibulum.","80,40","art,food,food"
"Assimilated client-driven capacity","Nam nulla. Integer pede justo, lacinia eget, tincidunt eget, tempus vel, pede. Morbi porttitor lorem id ligula. Suspendisse ornare consequat lectus. In est risus, auctor sed, tristique in, tempus sit amet, sem.","32","celebrity,music,job,nature"
"Total systemic array","Cum sociis natoque penatibus et magnis dis parturient montes, nascetur ridiculus mus. Etiam vel augue.","94,84","sport,music,religion,technology"
"Balanced radical synergy","Morbi odio odio, elementum eu, interdum eu, tincidunt in, leo. Maecenas pulvinar lobortis est. Phasellus sit amet erat. Nulla tempus. Vivamus in felis eu sapien cursus vestibulum.","71,67","chess"
"Enhanced intangible knowledge user","Fusce lacus purus, aliquet at, feugiat non, pretium quis, lectus. Suspendisse potenti. In eleifend quam a odio.","65,64","beauty,friends"
"Sharable multi-tasking initiative","Pellentesque eget nunc. Donec quis orci eget orci vehicula condimentum. Curabitur in libero ut massa volutpat convallis. Morbi odio odio, elementum eu, interdum eu, tincidunt in, leo. Maecenas pulvinar lobortis est.","9","chess,celebrity,soccer,chess"
"Inverse well-modulated help-desk","Duis bibendum, felis sed interdum venenatis, turpis enim blandit mi, in porttitor pede justo eu massa.","85,9,71","art,soccer"
"Monitored asymmetric superstructure","Maecenas pulvinar lobortis est. Phasellus sit amet erat.","96","sport,friends,food"
"Mandatory motivating solution","Nulla suscipit ligula in lacus. Curabitur at ipsum ac tellus semper interdum. Mauris ullamcorper purus sit amet nulla. Quisque arcu libero, rutrum ac, lobortis vel, dapibus at, diam.","12,82","health,job,soccer,celebrity"
"Focused zero administration analyzer","Fusce lacus purus, aliquet at, feugiat non, pretium quis, lectus. Suspendisse potenti. In eleifend quam a odio. In hac habitasse platea dictumst.","8,82,84","food,gaming,job"
"Future-proofed value-added process improvement","Quisque ut erat. Curabitur gravida nisi at nibh.","54,47","love"
"Cross-platform zero defect attitude","Vestibulum rutrum rutrum neque. Aenean auctor gravida sem.","55,36,57","beauty,music,nature,food"
"Upgradable empowering capability","Integer non velit. Donec diam neque, vestibulum eget, vulputate ut, ultrices vel, augue.","52,91,27","politics,nature,health"
"Seamless radical middleware","Phasellus in felis. Donec semper sapien a libero.","53,56,45","chess,politics,java,soccer"
"Multi-layered methodical protocol","Vestibulum ante ipsum primis in faucibus orci luctus et ultrices posuere cubilia Curae; Mauris viverra diam vitae quam. Suspendisse potenti. Nullam porttitor lacus at turpis. Donec posuere metus vitae ipsum.","67","technology,gaming"
"Exclusive bandwidth-monitored policy","Aliquam erat volutpat. In congue. Etiam justo. Etiam pretium iaculis justo. In hac habitasse platea dictumst.","88,6","java"
"Synergized holistic core","Nullam sit amet turpis elementum ligula vehicula consequat. Morbi a ipsum. Integer a nibh.","22,27","gaming,art"
"Integrated secondary circuit","Nulla neque libero, convallis eget, eleifend luctus, ultricies eu, nibh. Quisque id justo sit amet sapien dignissim vestibulum. Vestibulum ante ipsum primis in faucibus orci luctus et ultrices posuere cubilia Curae; Nulla dapibus dolor vel est. Donec odio justo, sollicitudin ut, suscipit a, feugiat et, eros. Vestibulum ac est lacinia nisi venenatis tristique.","88,61","chess"
"Synchronised reciprocal focus group","In quis justo. Maecenas rhoncus aliquam lacus.","72,72","beauty,sport,java"
"Profit-focused 6th generation Graphic Interface","Quisque porta volutpat erat. Quisque erat eros, viverra eget, congue eget, semper rutrum, nulla. Nunc purus. Phasellus in felis.","52","gaming"
"Total neutral instruction set","Sed ante.","72,31,84","java,nature,java,music"
"Reverse-engineered analyzing knowledge base","Integer aliquet, massa id lobortis convallis, tortor risus dapibus augue, vel accumsan tellus nisi eu orci. Mauris lacinia sapien quis libero. Nullam sit amet turpis elementum ligula vehicula consequat. Morbi a ipsum. Integer a nibh.","50,45","celebrity,gaming,chess,chess"
"Organized next generation success","Integer tincidunt ante vel ipsum. Praesent blandit lacinia erat. Vestibulum sed magna at nunc commodo placerat. Praesent blandit.","19,83","beauty,friends,java,nature"
"Mandatory real-time frame","Mauris lacinia sapien quis libero. Nullam sit amet turpis elementum ligula vehicula consequat. Morbi a ipsum.","49","health"
"Enhanced bi-directional database","Integer a nibh. In quis justo. Maecenas rhoncus aliquam lacus. Morbi quis tortor id nulla ultrices aliquet.","65,40,99","beauty,friends,health,art"
"Vision-oriented impactful process improvement","Integer pede justo, lacinia eget, tincidunt eget, tempus vel, pede. Morbi porttitor lorem id ligula.","92","java,art,religion,job"
"Compatible needs-based capability","Quisque id justo sit amet sapien dignissim vestibulum. Vestibulum ante ipsum primis in faucibus orci luctus et ultrices posuere cubilia Curae; Nulla dapibus dolor vel est. Donec odio justo, sollicitudin ut, suscipit a, feugiat et, eros. Vestibulum ac est lacinia nisi venenatis tristique.","70,87,83","nature,nature,beauty"
"Optimized exuding database","Nulla tellus. In sagittis dui vel nisl.","69","chess,gaming,technology"
"Expanded zero administration process improvement","Vestibulum quam sapien, varius ut, blandit non, interdum in, ante. Vestibulum ante ipsum primis in faucibus orci luctus et ultrices posuere cubilia Curae; Duis faucibus accumsan odio.","64,35","java,music,gaming"
"Expanded human-resource budgetary management","In est risus, auctor sed, tristique in, tempus sit amet, sem. Fusce consequat.","12,42","java,love,music"
"Advanced leading edge firmware","Nulla ac enim. In tempor, turpis nec euismod scelerisque, quam turpis adipiscing lorem, vitae mattis nibh ligula nec sem. Duis aliquam convallis nunc. Proin at turpis a pede posuere nonummy. Integer non velit.","65,71,74","politics,nature,chess,java"
"Automated modular conglomeration","Nunc nisl.","98,41,94","art,friends"
"User-friendly actuating workforce","Morbi ut odio.","29","nature,job,love,friends"
"Robust client-driven secured line","Ut tellus. Nulla ut erat id mauris vulputate elementum. Nullam varius. Nulla facilisi.","18,31,18","politics"
"Profit-focused client-server hub","Nunc rhoncus dui vel sem. Sed sagittis. Nam congue, risus semper porta volutpat, quam pede lobortis ligula, sit amet eleifend pede libero quis orci. Nullam molestie nibh in lectus. Pellentesque at nulla.","12","technology"
"Front-line impactful benchmark","In hac habitasse platea dictumst. Etiam faucibus cursus urna. Ut tellus. Nulla ut erat id mauris vulputate elementum. Nullam varius.","14,76,17","friends,beauty,technology,art"
"Re-engineered zero tolerance Graphic Interface","Lorem ipsum dolor sit amet, consectetuer adipiscing elit. Proin interdum mauris non ligula pellentesque ultrices. Phasellus id sapien in sapien iaculis congue.","96,98","java,chess"
"Balanced hybrid throughput","Donec ut dolor. Morbi vel lectus in quam fringilla rhoncus. Mauris enim leo, rhoncus sed, vestibulum sit amet, cursus id, turpis. Integer aliquet, massa id lobortis convallis, tortor risus dapibus augue, vel accumsan tellus nisi eu orci.","77,29","beauty,chess,gaming,soccer"
"Networked exuding circuit","Duis bibendum. Morbi non quam nec dui luctus rutrum.","39","art"
"Reactive content-based monitoring","Quisque id justo sit amet sapien dignissim vestibulum. Vestibulum ante ipsum primis in faucibus orci luctus et ultrices posuere cubilia Curae; Nulla dapibus dolor vel est. Donec odio justo, sollicitudin ut, suscipit a, feugiat et, eros. Vestibulum ac est lacinia nisi venenatis tristique.","12,81,12","music,sport,technology"
"Monitored even-keeled matrix","Morbi quis tortor id nulla ultrices aliquet. Maecenas leo odio, condimentum id, luctus nec, molestie sed, justo. Pellentesque viverra pede ac diam. Cras pellentesque volutpat dui. Maecenas tristique, est et tempus semper, est quam pharetra magna, ac consequat metus sapien ut nunc.","93,6","beauty,nature"
"Distributed well-modulated ability","Nulla suscipit ligula in lacus. Curabitur at ipsum ac tellus semper interdum.","97,97","nature,love,gaming"
"Organized analyzing open architecture","Praesent blandit. Nam nulla. Integer pede justo, lacinia eget, tincidunt eget, tempus vel, pede.","62,72,85","celebrity,art,art"
"Managed national conglomeration","Donec ut mauris eget massa tempor convallis. Nulla neque libero, convallis eget, eleifend luctus, ultricies eu, nibh.","35,74,79","politics,music,health"
"Future-proofed multi-state matrix","Ut tellus. Nulla ut erat id mauris vulputate elementum. Nullam varius.","66,4","health,gaming,love,technology"
"Expanded responsive paradigm","In hac habitasse platea dictumst. Maecenas ut massa quis augue luctus tincidunt. Nulla mollis molestie lorem. Quisque ut erat. Curabitur gravida nisi at nibh.","91,15","java"
"Proactive 4th generation moderator","Aliquam augue quam, sollicitudin vitae, consectetuer eget, rutrum at, lorem. Integer tincidunt ante vel ipsum. Praesent blandit lacinia erat.","56,47,19","art,job,gaming"
"Front-line modular middleware","Cras non velit nec nisi vulputate nonummy. Maecenas tincidunt lacus at velit. Vivamus vel nulla eget eros elementum pellentesque.","96","technology,sport"
"Universal tangible archive","Fusce congue, diam id ornare imperdiet, sapien urna pretium nisl, ut volutpat sapien arcu sed augue. Aliquam erat volutpat. In congue. Etiam justo. Etiam pretium iaculis justo.","44","celebrity,health,politics"
"Grass-roots discrete capability","Vivamus vestibulum sagittis sapien.","72,54,15","love,gaming,java"
"Virtual mobile access","Lorem ipsum dolor sit amet, consectetuer adipiscing elit.","26","technology,celebrity,politics"
"Upgradable scalable standardization","Praesent lectus. Vestibulum quam sapien, varius ut, blandit non, interdum in, ante. Vestibulum ante ipsum primis in faucibus orci luctus et ultrices posuere cubilia Curae; Duis faucibus accumsan odio. Curabitur convallis. Duis consequat dui nec nisi volutpat eleifend.","25,15","religion,politics"
"Grass-roots human-resource matrices","Fusce lacus purus, aliquet at, feugiat non, pretium quis, lectus. Suspendisse potenti. In eleifend quam a odio. In hac habitasse platea dictumst. Maecenas ut massa quis augue luctus tincidunt.","35","politics,soccer"
"Extended coherent solution","Maecenas tincidunt lacus at velit. Vivamus vel nulla eget eros elementum pellentesque. Quisque porta volutpat erat. Quisque erat eros, viverra eget, congue eget, semper rutrum, nulla.","99,57","religion"
"Ergonomic fault-tolerant forecast","Etiam vel augue. Vestibulum rutrum rutrum neque. Aenean auctor gravida sem. Praesent id massa id nisl venenatis lacinia.","24,95,78","religion,food"
"Triple-buffered reciprocal encryption","Nam nulla. Integer pede justo, lacinia eget, tincidunt eget, tempus vel, pede. Morbi porttitor lorem id ligula.","58","religion,nature"
"Upgradable holistic attitude","Phasellus sit amet erat. Nulla tempus.","44,13","music,food,beauty,job"
"Compatible context-sensitive access","Donec vitae nisi. Nam ultrices, libero non mattis pulvinar, nulla pede ullamcorper augue, a suscipit nulla elit ac nulla. Sed vel enim sit amet nunc viverra dapibus.","34,63","beauty,religion,technology,beauty"
"Grass-roots didactic middleware","Integer ac leo. Pellentesque ultrices mattis odio. Donec vitae nisi. Nam ultrices, libero non mattis pulvinar, nulla pede ullamcorper augue, a suscipit nulla elit ac nulla. Sed vel enim sit amet nunc viverra dapibus.","84","religion"
"Extended next generation moderator","Nullam molestie nibh in lectus. Pellentesque at nulla. Suspendisse potenti. Cras in purus eu magna vulputate luctus.","12,52,1","nature,technology,nature,gaming"
"Diverse discrete productivity","Sed sagittis. Nam congue, risus semper porta volutpat, quam pede lobortis ligula, sit amet eleifend pede libero quis orci. Nullam molestie nibh in lectus. Pellentesque at nulla. Suspendisse potenti.","81,8,64","love,java,gaming"
"Exclusive asynchronous software","Praesent id massa id nisl venenatis lacinia. Aenean sit amet justo. Morbi ut odio. Cras mi pede, malesuada in, imperdiet et, commodo vulputate, justo.","37","java"
"Extended bandwidth-monitored data-warehouse","Mauris ullamcorper purus sit amet nulla. Quisque arcu libero, rutrum ac, lobortis vel, dapibus at, diam.","17,22,53","sport"
"Multi-layered optimizing utilisation","Duis consequat dui nec nisi volutpat eleifend. Donec ut dolor. Morbi vel lectus in quam fringilla rhoncus. Mauris enim leo, rhoncus sed, vestibulum sit amet, cursus id, turpis.","19,14,35","soccer,soccer,technology,friends"
"Customer-focused bandwidth-monitored extranet","Duis at velit eu est congue elementum. In hac habitasse platea dictumst. Morbi vestibulum, velit id pretium iaculis, diam erat fermentum justo, nec condimentum neque sapien placerat ante. Nulla justo.","79,99,92","religion,chess,love"
"Secured system-worthy groupware","Integer pede justo, lacinia eget, tincidunt eget, tempus vel, pede.","85,19,23","celebrity"
"Advanced bifurcated focus group","Suspendisse ornare consequat lectus. In est risus, auctor sed, tristique in, tempus sit amet, sem. Fusce consequat. Nulla nisl.","9,30,86","technology,chess,music"
"Realigned multi-state hierarchy","Duis consequat dui nec nisi volutpat eleifend. Donec ut dolor.","49,68,35","chess,music"
"De-engineered grid-enabled paradigm","Vivamus tortor. Duis mattis egestas metus.","92,80,29","job,job,love,health"
"Sharable holistic strategy","Etiam faucibus cursus urna. Ut tellus.","53","love,nature,job,technology"
"Persevering maximized standardization","Aliquam augue quam, sollicitudin vitae, consectetuer eget, rutrum at, lorem. Integer tincidunt ante vel ipsum. Praesent blandit lacinia erat. Vestibulum sed magna at nunc commodo placerat.","67,43,3","sport,gaming,celebrity,politics"
"Virtual homogeneous open architecture","Duis at velit eu est congue elementum. In hac habitasse platea dictumst. Morbi vestibulum, velit id pretium iaculis, diam erat fermentum justo, nec condimentum neque sapien placerat ante. Nulla justo.","96,28,63","celebrity,soccer,love"
"Future-proofed tangible architecture","Suspendisse potenti.","53,29","politics"
"Customer-focused static open architecture","Duis consequat dui nec nisi volutpat eleifend. Donec ut dolor. Morbi vel lectus in quam fringilla rhoncus. Mauris enim leo, rhoncus sed, vestibulum sit amet, cursus id, turpis.","51,99","soccer"
"Robust human-resource ability","Proin at turpis a pede posuere nonummy.","53,64","sport"
"Managed attitude-oriented portal","Vestibulum ante ipsum primis in faucibus orci luctus et ultrices posuere cubilia Curae; Nulla dapibus dolor vel est. Donec odio justo, sollicitudin ut, suscipit a, feugiat et, eros. Vestibulum ac est lacinia nisi venenatis tristique.","20,94,91","religion,chess"
"Profound human-resource analyzer","Aliquam augue quam, sollicitudin vitae, consectetuer eget, rutrum at, lorem. Integer tincidunt ante vel ipsum. Praesent blandit lacinia erat.","89,33","friends"
"Seamless intangible data-warehouse","In tempor, turpis nec euismod scelerisque, quam turpis adipiscing lorem, vitae mattis nibh ligula nec sem. Duis aliquam convallis nunc. Proin at turpis a pede posuere nonummy.","24,71","politics,music,religion"
"Triple-buffered dedicated support","Morbi non quam nec dui luctus rutrum. Nulla tellus.","8,62","politics,nature"
"Open-architected systemic application","In hac habitasse platea dictumst. Maecenas ut massa quis augue luctus tincidunt.","48,23,16","soccer,chess,music"
"Multi-tiered even-keeled superstructure","Integer non velit. Donec diam neque, vestibulum eget, vulputate ut, ultrices vel, augue. Vestibulum ante ipsum primis in faucibus orci luctus et ultrices posuere cubilia Curae; Donec pharetra, magna vestibulum aliquet ultrices, erat tortor sollicitudin mi, sit amet lobortis sapien sapien non mi.","55,8,23","health,celebrity,nature"
"Streamlined multi-tasking adapter","Vivamus tortor. Duis mattis egestas metus. Aenean fermentum.","30,44","beauty,soccer"
"Universal user-facing conglomeration","Curabitur in libero ut massa volutpat convallis. Morbi odio odio, elementum eu, interdum eu, tincidunt in, leo. Maecenas pulvinar lobortis est. Phasellus sit amet erat. Nulla tempus.","22","love,health,java"
"Face to face even-keeled task-force","Morbi sem mauris, laoreet ut, rhoncus aliquet, pulvinar sed, nisl. Nunc rhoncus dui vel sem. Sed sagittis. Nam congue, risus semper porta volutpat, quam pede lobortis ligula, sit amet eleifend pede libero quis orci.","20,20","soccer,food"
"Devolved directional data-warehouse","Etiam vel augue. Vestibulum rutrum rutrum neque. Aenean auctor gravida sem.","32","soccer,celebrity,gaming,java"
"Cloned intermediate internet solution","Nullam molestie nibh in lectus. Pellentesque at nulla. Suspendisse potenti.","92,35,75","religion,soccer,nature"
"Customer-focused needs-based definition","In hac habitasse platea dictumst.","73,41","java,celebrity,nature"
"Centralized coherent database","Proin leo odio, porttitor id, consequat in, consequat ut, nulla. Sed accumsan felis. Ut at dolor quis odio consequat varius. Integer ac leo. Pellentesque ultrices mattis odio.","15,11","friends"
"Enterprise-wide 5th generation toolset","Maecenas rhoncus aliquam lacus. Morbi quis tortor id nulla ultrices aliquet. Maecenas leo odio, condimentum id, luctus nec, molestie sed, justo. Pellentesque viverra pede ac diam.","9","chess,friends"
"Centralized next generation access","Nullam sit amet turpis elementum ligula vehicula consequat. Morbi a ipsum. Integer a nibh.","70,73","religion,food,music"
"Phased bandwidth-monitored local area network","Proin eu mi. Nulla ac enim.","44,63,39","art,celebrity,chess,nature"
"Team-oriented needs-based support","Duis mattis egestas metus. Aenean fermentum.","83","music"
"Monitored multimedia policy","Ut at dolor quis odio consequat varius. Integer ac leo.","16,16,88","celebrity,chess,love,beauty"
"Open-architected coherent contingency","In hac habitasse platea dictumst.","91,89,44","health,java"
"Open-architected demand-driven utilisation","Donec semper sapien a libero. Nam dui.","3,85,81","celebrity,friends,friends,nature"
"Seamless national data-warehouse","In eleifend quam a odio. In hac habitasse platea dictumst. Maecenas ut massa quis augue luctus tincidunt. Nulla mollis molestie lorem.","57","art,music,friends"
"Assimilated global concept","Maecenas leo odio, condimentum id, luctus nec, molestie sed, justo. Pellentesque viverra pede ac diam. Cras pellentesque volutpat dui. Maecenas tristique, est et tempus semper, est quam pharetra magna, ac consequat metus sapien ut nunc. Vestibulum ante ipsum primis in faucibus orci luctus et ultrices posuere cubilia Curae; Mauris viverra diam vitae quam.","96","music,art,nature,java"
"Implemented actuating software","In blandit ultrices enim.","65","sport,gaming,friends"
"Down-sized object-oriented artificial intelligence","Morbi sem mauris, laoreet ut, rhoncus aliquet, pulvinar sed, nisl. Nunc rhoncus dui vel sem.","30,57,94","music,technology"
"Re-contextualized systemic policy","In hac habitasse platea dictumst. Etiam faucibus cursus urna.","28","chess,java"
"Business-focused systematic standardization","Quisque id justo sit amet sapien dignissim vestibulum. Vestibulum ante ipsum primis in faucibus orci luctus et ultrices posuere cubilia Curae; Nulla dapibus dolor vel est.","41,80,37","love,sport"
"Visionary heuristic intranet","Cras pellentesque volutpat dui. Maecenas tristique, est et tempus semper, est quam pharetra magna, ac consequat metus sapien ut nunc.","75,78","soccer"
"Object-based transitional instruction set","Morbi odio odio, elementum eu, interdum eu, tincidunt in, leo.","68,20","love"
"Synergized web-enabled conglomeration","Quisque ut erat. Curabitur gravida nisi at nibh. In hac habitasse platea dictumst. Aliquam augue quam, sollicitudin vitae, consectetuer eget, rutrum at, lorem. Integer tincidunt ante vel ipsum.","9,80","job,nature,beauty"
"Cloned client-driven initiative","Pellentesque eget nunc.","6","health,friends"
"Organized optimal encoding","Phasellus id sapien in sapien iaculis congue. Vivamus metus arcu, adipiscing molestie, hendrerit at, vulputate vitae, nisl. Aenean lectus. Pellentesque eget nunc.","49,30","nature"
"Ameliorated zero administration parallelism","Sed ante. Vivamus tortor. Duis mattis egestas metus. Aenean fermentum. Donec ut mauris eget massa tempor convallis.","61","beauty"
"Digitized holistic implementation","Donec semper sapien a libero. Nam dui. Proin leo odio, porttitor id, consequat in, consequat ut, nulla.","95,72","sport,java,chess,food"
"Cloned mission-critical open architecture","Vivamus in felis eu sapien cursus vestibulum. Proin eu mi. Nulla ac enim.","21","music,love"
"Virtual scalable moderator","In est risus, auctor sed, tristique in, tempus sit amet, sem.","48","love"
"Cross-platform multi-tasking definition","Nulla mollis molestie lorem. Quisque ut erat. Curabitur gravida nisi at nibh. In hac habitasse platea dictumst.","36,69","job,religion,love,nature"
"Extended mission-critical system engine","Vivamus in felis eu sapien cursus vestibulum. Proin eu mi.","75,12,40","java"
"Expanded 4th generation pricing structure","Praesent lectus. Vestibulum quam sapien, varius ut, blandit non, interdum in, ante.","41,40","gaming,love,love"
"Visionary 3rd generation ability","Proin eu mi. Nulla ac enim. In tempor, turpis nec euismod scelerisque, quam turpis adipiscing lorem, vitae mattis nibh ligula nec sem.","62","java,politics"
"Profound upward-trending service-desk","Donec odio justo, sollicitudin ut, suscipit a, feugiat et, eros. Vestibulum ac est lacinia nisi venenatis tristique. Fusce congue, diam id ornare imperdiet, sapien urna pretium nisl, ut volutpat sapien arcu sed augue. Aliquam erat volutpat. In congue.","84","love,beauty,music,technology"
"Synergized bi-directional archive","Morbi quis tortor id nulla ultrices aliquet. Maecenas leo odio, condimentum id, luctus nec, molestie sed, justo.","63","technology,java"
"Visionary scalable ability","Pellentesque viverra pede ac diam. Cras pellentesque volutpat dui. Maecenas tristique, est et tempus semper, est quam pharetra magna, ac consequat metus sapien ut nunc.","56","celebrity,love"
"Multi-channelled tangible paradigm","Proin risus.","51","soccer,celebrity,music"
"Fundamental optimal pricing structure","Vestibulum ante ipsum primis in faucibus orci luctus et ultrices posuere cubilia Curae; Nulla dapibus dolor vel est. Donec odio justo, sollicitudin ut, suscipit a, feugiat et, eros. Vestibulum ac est lacinia nisi venenatis tristique. Fusce congue, diam id ornare imperdiet, sapien urna pretium nisl, ut volutpat sapien arcu sed augue. Aliquam erat volutpat.","93","health,friends,beauty"
"Devolved actuating hardware","Fusce congue, diam id ornare imperdiet, sapien urna pretium nisl, ut volutpat sapien arcu sed augue. Aliquam erat volutpat. In congue.","6","chess,job"
"Multi-tiered asymmetric benchmark","Aenean fermentum. Donec ut mauris eget massa tempor convallis. Nulla neque libero, convallis eget, eleifend luctus, ultricies eu, nibh. Quisque id justo sit amet sapien dignissim vestibulum.","49,66,90","health,love,love,art"
"Implemented global moratorium","Quisque erat eros, viverra eget, congue eget, semper rutrum, nulla.","69,40,28","java,chess,chess,gaming"
"Exclusive upward-trending productivity","Sed ante. Vivamus tortor. Duis mattis egestas metus.","70,82","politics,nature,java"
"Up-sized web-enabled forecast","Sed ante. Vivamus tortor. Duis mattis egestas metus. Aenean fermentum. Donec ut mauris eget massa tempor convallis.","34,61","health"
"Reverse-engineered disintermediate budgetary management","Nullam orci pede, venenatis non, sodales sed, tincidunt eu, felis.","11","friends"
"Distributed bottom-line workforce","In hac habitasse platea dictumst.","3,19,14","politics"
"Streamlined context-sensitive core","Nullam varius.","27,67,63","friends,technology,job,beauty"
"Centralized mission-critical strategy","Duis mattis egestas metus.","7,32,42","technology"
"Customer-focused attitude-oriented encryption","Mauris enim leo, rhoncus sed, vestibulum sit amet, cursus id, turpis. Integer aliquet, massa id lobortis convallis, tortor risus dapibus augue, vel accumsan tellus nisi eu orci. Mauris lacinia sapien quis libero. Nullam sit amet turpis elementum ligula vehicula consequat. Morbi a ipsum.","6,77,48","beauty,religion"
"Secured stable architecture","Vivamus in felis eu sapien cursus vestibulum.","49","job,soccer,sport,celebrity"
"Phased national functionalities","Curabitur gravida nisi at nibh.","89,60,3","love,music,art"
"Re-contextualized human-resource flexibility","Curabitur at ipsum ac tellus semper interdum. Mauris ullamcorper purus sit amet nulla.","8,95,97","nature,beauty,love,music"
"Secured explicit monitoring","Curabitur gravida nisi at nibh. In hac habitasse platea dictumst.","75,38","sport,religion,beauty,music"
"Sharable content-based installation","Quisque porta volutpat erat. Quisque erat eros, viverra eget, congue eget, semper rutrum, nulla. Nunc purus. Phasellus in felis.","69,15","celebrity,soccer"
"Advanced cohesive open system","In est risus, auctor sed, tristique in, tempus sit amet, sem. Fusce consequat. Nulla nisl. Nunc nisl.","93,75","gaming,art,food,gaming"
"Multi-channelled interactive flexibility","Morbi quis tortor id nulla ultrices aliquet. Maecenas leo odio, condimentum id, luctus nec, molestie sed, justo. Pellentesque viverra pede ac diam. Cras pellentesque volutpat dui.","54,52,80","gaming,friends,celebrity"
"Public-key uniform flexibility","Aliquam non mauris. Morbi non lectus. Aliquam sit amet diam in magna bibendum imperdiet.","81,91,63","art,technology"
"Inverse reciprocal knowledge user","Morbi vestibulum, velit id pretium iaculis, diam erat fermentum justo, nec condimentum neque sapien placerat ante. Nulla justo. Aliquam quis turpis eget elit sodales scelerisque. Mauris sit amet eros. Suspendisse accumsan tortor quis turpis.","63,62,37","nature"
"Automated modular extranet","Lorem ipsum dolor sit amet, consectetuer adipiscing elit. Proin interdum mauris non ligula pellentesque ultrices. Phasellus id sapien in sapien iaculis congue. Vivamus metus arcu, adipiscing molestie, hendrerit at, vulputate vitae, nisl.","68,66","religion"
"Stand-alone motivating throughput","Pellentesque viverra pede ac diam.","60,75,54","java,love"
"Balanced needs-based matrix","Aenean sit amet justo.","21,45,1","love,friends,gaming"
"Open-source bottom-line toolset","Morbi vel lectus in quam fringilla rhoncus. Mauris enim leo, rhoncus sed, vestibulum sit amet, cursus id, turpis. Integer aliquet, massa id lobortis convallis, tortor risus dapibus augue, vel accumsan tellus nisi eu orci.","91","health,religion,politics"
"Cloned bi-directional moderator","Vestibulum quam sapien, varius ut, blandit non, interdum in, ante.","35,37","beauty"
"Synergistic 24 hour process improvement","Etiam vel augue.","22,33","music,celebrity"
"Total multi-tasking protocol","Quisque id justo sit amet sapien dignissim vestibulum. Vestibulum ante ipsum primis in faucibus orci luctus et ultrices posuere cubilia Curae; Nulla dapibus dolor vel est. Donec odio justo, sollicitudin ut, suscipit a, feugiat et, eros.","84,93,67","religion"
"Total clear-thinking budgetary management","Suspendisse ornare consequat lectus.","37","love"
"Operative didactic moderator","Nulla ac enim.","33","soccer"
"Up-sized tertiary toolset","Integer non velit. Donec diam neque, vestibulum eget, vulputate ut, ultrices vel, augue.","44,49","love,beauty"
"Synchronised tertiary middleware","Duis ac nibh. Fusce lacus purus, aliquet at, feugiat non, pretium quis, lectus. Suspendisse potenti. In eleifend quam a odio.","21","nature,nature,sport"
"Balanced foreground customer loyalty","Mauris enim leo, rhoncus sed, vestibulum sit amet, cursus id, turpis. Integer aliquet, massa id lobortis convallis, tortor risus dapibus augue, vel accumsan tellus nisi eu orci. Mauris lacinia sapien quis libero.","60,36","beauty"
"Customer-focused explicit superstructure","Praesent id massa id nisl venenatis lacinia. Aenean sit amet justo. Morbi ut odio. Cras mi pede, malesuada in, imperdiet et, commodo vulputate, justo. In blandit ultrices enim.","94,21,53","love,sport,music"
"Configurable tertiary access","Nam ultrices, libero non mattis pulvinar, nulla pede ullamcorper augue, a suscipit nulla elit ac nulla. Sed vel enim sit amet nunc viverra dapibus.","55,40,91","nature,art,friends"
"Persevering zero tolerance projection","Pellentesque ultrices mattis odio. Donec vitae nisi. Nam ultrices, libero non mattis pulvinar, nulla pede ullamcorper augue, a suscipit nulla elit ac nulla.","10,58","sport"
"Diverse tangible extranet","Nunc nisl.","72,43","music"
"Adaptive context-sensitive capability","Morbi vel lectus in quam fringilla rhoncus. Mauris enim leo, rhoncus sed, vestibulum sit amet, cursus id, turpis. Integer aliquet, massa id lobortis convallis, tortor risus dapibus augue, vel accumsan tellus nisi eu orci. Mauris lacinia sapien quis libero.","76","sport,job"
"Sharable asymmetric budgetary management","Sed accumsan felis. Ut at dolor quis odio consequat varius. Integer ac leo. Pellentesque ultrices mattis odio. Donec vitae nisi.","4","sport,java"
"Customizable value-added instruction set","Vivamus vel nulla eget eros elementum pellentesque.","66,66,47","beauty,sport"
"Quality-focused holistic data-warehouse","Proin leo odio, porttitor id, consequat in, consequat ut, nulla. Sed accumsan felis. Ut at dolor quis odio consequat varius. Integer ac leo. Pellentesque ultrices mattis odio.","9,2,38","friends,friends,religion"
"Balanced zero administration support","Nulla facilisi. Cras non velit nec nisi vulputate nonummy. Maecenas tincidunt lacus at velit.","15,88,78","sport"
"Profit-focused user-facing info-mediaries","Lorem ipsum dolor sit amet, consectetuer adipiscing elit. Proin risus. Praesent lectus. Vestibulum quam sapien, varius ut, blandit non, interdum in, ante.","79","love"
"Multi-layered modular monitoring","Vivamus metus arcu, adipiscing molestie, hendrerit at, vulputate vitae, nisl.","87,54","technology,love,nature,health"
"Vision-oriented national utilisation","Vivamus in felis eu sapien cursus vestibulum. Proin eu mi. Nulla ac enim.","93","sport,love,love,soccer"
"Devolved maximized moderator","Curabitur in libero ut massa volutpat convallis. Morbi odio odio, elementum eu, interdum eu, tincidunt in, leo.","64,7,56","beauty"
"Profound optimal forecast","Morbi ut odio. Cras mi pede, malesuada in, imperdiet et, commodo vulputate, justo. In blandit ultrices enim.","35,75","chess,job,gaming,beauty"
"Operative composite solution","Aenean fermentum. Donec ut mauris eget massa tempor convallis. Nulla neque libero, convallis eget, eleifend luctus, ultricies eu, nibh. Quisque id justo sit amet sapien dignissim vestibulum. Vestibulum ante ipsum primis in faucibus orci luctus et ultrices posuere cubilia Curae; Nulla dapibus dolor vel est.","57","java"
"Switchable motivating application","In eleifend quam a odio. In hac habitasse platea dictumst. Maecenas ut massa quis augue luctus tincidunt. Nulla mollis molestie lorem. Quisque ut erat.","59,13,80","java,health"
"Face to face heuristic artificial intelligence","Fusce consequat. Nulla nisl. Nunc nisl. Duis bibendum, felis sed interdum venenatis, turpis enim blandit mi, in porttitor pede justo eu massa.","92,59,83","food,music,technology,job"
"Synergistic empowering application","Lorem ipsum dolor sit amet, consectetuer adipiscing elit.","22","art,sport,nature,health"
"Reduced responsive secured line","Nulla tempus. Vivamus in felis eu sapien cursus vestibulum. Proin eu mi. Nulla ac enim.","9","religion"
"Business-focused modular attitude","Integer ac neque. Duis bibendum. Morbi non quam nec dui luctus rutrum. Nulla tellus.","41,31","soccer,friends,soccer"
"Automated bi-directional encryption","Donec odio justo, sollicitudin ut, suscipit a, feugiat et, eros. Vestibulum ac est lacinia nisi venenatis tristique. Fusce congue, diam id ornare imperdiet, sapien urna pretium nisl, ut volutpat sapien arcu sed augue. Aliquam erat volutpat. In congue.","10","java"
"Expanded asynchronous utilisation","In sagittis dui vel nisl. Duis ac nibh. Fusce lacus purus, aliquet at, feugiat non, pretium quis, lectus. Suspendisse potenti. In eleifend quam a odio.","85","music"
"Innovative zero administration emulation","In est risus, auctor sed, tristique in, tempus sit amet, sem. Fusce consequat.","44,15,56","gaming,sport,technology,chess"
"Self-enabling methodical application","Vestibulum rutrum rutrum neque.","26,23,54","beauty,chess,health,music"
"Monitored attitude-oriented encoding","Nam congue, risus semper porta volutpat, quam pede lobortis ligula, sit amet eleifend pede libero quis orci. Nullam molestie nibh in lectus. Pellentesque at nulla. Suspendisse potenti. Cras in purus eu magna vulputate luctus.","42,98,91","love"
"Multi-lateral 6th generation array","Morbi sem mauris, laoreet ut, rhoncus aliquet, pulvinar sed, nisl.","81,97","politics"
"Customizable national project","Curabitur convallis.","62,35","art"
"Compatible background access","Aliquam augue quam, sollicitudin vitae, consectetuer eget, rutrum at, lorem. Integer tincidunt ante vel ipsum.","56,15","beauty"
"Vision-oriented attitude-oriented middleware","Nulla ut erat id mauris vulputate elementum. Nullam varius. Nulla facilisi. Cras non velit nec nisi vulputate nonummy. Maecenas tincidunt lacus at velit.","42","friends,beauty"
"User-friendly client-driven hardware","Nunc rhoncus dui vel sem. Sed sagittis. Nam congue, risus semper porta volutpat, quam pede lobortis ligula, sit amet eleifend pede libero quis orci.","6","soccer,politics"
"Synergized high-level collaboration","Fusce lacus purus, aliquet at, feugiat non, pretium quis, lectus. Suspendisse potenti. In eleifend quam a odio. In hac habitasse platea dictumst.","35","food,celebrity,java,technology"
"Compatible mobile archive","Integer tincidunt ante vel ipsum. Praesent blandit lacinia erat.","71,57","gaming,music"
"Business-focused even-keeled model","Morbi quis tortor id nulla ultrices aliquet. Maecenas leo odio, condimentum id, luctus nec, molestie sed, justo.","39","celebrity"
"Ergonomic mobile definition","Duis aliquam convallis nunc. Proin at turpis a pede posuere nonummy. Integer non velit. Donec diam neque, vestibulum eget, vulputate ut, ultrices vel, augue. Vestibulum ante ipsum primis in faucibus orci luctus et ultrices posuere cubilia Curae; Donec pharetra, magna vestibulum aliquet ultrices, erat tortor sollicitudin mi, sit amet lobortis sapien sapien non mi.","24","love,gaming,art"
"Robust user-facing budgetary management","Cum sociis natoque penatibus et magnis dis parturient montes, nascetur ridiculus mus.","68,38,46","politics"
"Expanded content-based access","Quisque erat eros, viverra eget, congue eget, semper rutrum, nulla. Nunc purus. Phasellus in felis.","37","politics,food,technology"
"Multi-layered multimedia neural-net","In hac habitasse platea dictumst.","74,10","health,beauty,love"
"Re-engineered directional capability","Proin interdum mauris non ligula pellentesque ultrices. Phasellus id sapien in sapien iaculis congue. Vivamus metus arcu, adipiscing molestie, hendrerit at, vulputate vitae, nisl. Aenean lectus. Pellentesque eget nunc.","59","health"
"Multi-lateral bifurcated attitude","In quis justo. Maecenas rhoncus aliquam lacus. Morbi quis tortor id nulla ultrices aliquet. Maecenas leo odio, condimentum id, luctus nec, molestie sed, justo. Pellentesque viverra pede ac diam.","80,89","gaming,technology,job"
"Integrated national encoding","Quisque id justo sit amet sapien dignissim vestibulum. Vestibulum ante ipsum primis in faucibus orci luctus et ultrices posuere cubilia Curae; Nulla dapibus dolor vel est. Donec odio justo, sollicitudin ut, suscipit a, feugiat et, eros. Vestibulum ac est lacinia nisi venenatis tristique.","3","gaming,music"
"Persevering optimal structure","Nam dui. Proin leo odio, porttitor id, consequat in, consequat ut, nulla. Sed accumsan felis. Ut at dolor quis odio consequat varius.","6","soccer,love"
"Optional mobile infrastructure","Duis at velit eu est congue elementum. In hac habitasse platea dictumst. Morbi vestibulum, velit id pretium iaculis, diam erat fermentum justo, nec condimentum neque sapien placerat ante. Nulla justo.","41,91","religion,health,food"
"Extended human-resource interface","Aliquam erat volutpat. In congue. Etiam justo.","65,29,2","sport,nature,sport"
"Down-sized high-level capacity","Morbi porttitor lorem id ligula. Suspendisse ornare consequat lectus. In est risus, auctor sed, tristique in, tempus sit amet, sem. Fusce consequat.","84","gaming,sport,love"
"Secured next generation frame","Proin risus. Praesent lectus.","10","music,religion"
"Multi-lateral impactful solution","Phasellus sit amet erat. Nulla tempus. Vivamus in felis eu sapien cursus vestibulum. Proin eu mi. Nulla ac enim.","36,83,25","beauty,celebrity,nature,chess"
"Multi-lateral fresh-thinking instruction set","Aenean fermentum. Donec ut mauris eget massa tempor convallis.","25,69,99","friends,health,job"
"Programmable directional toolset","Proin at turpis a pede posuere nonummy. Integer non velit. Donec diam neque, vestibulum eget, vulputate ut, ultrices vel, augue. Vestibulum ante ipsum primis in faucibus orci luctus et ultrices posuere cubilia Curae; Donec pharetra, magna vestibulum aliquet ultrices, erat tortor sollicitudin mi, sit amet lobortis sapien sapien non mi. Integer ac neque.","25,36,38","politics,politics"
"Progressive regional budgetary management","Phasellus in felis. Donec semper sapien a libero. Nam dui. Proin leo odio, porttitor id, consequat in, consequat ut, nulla.","36,43,90","gaming,gaming,technology,beauty"
"Enhanced solution-oriented productivity","Vivamus metus arcu, adipiscing molestie, hendrerit at, vulputate vitae, nisl.","51,11,8","food,love"
"Versatile stable portal","Cras pellentesque volutpat dui. Maecenas tristique, est et tempus semper, est quam pharetra magna, ac consequat metus sapien ut nunc. Vestibulum ante ipsum primis in faucibus orci luctus et ultrices posuere cubilia Curae; Mauris viverra diam vitae quam.","1","gaming,java"
"Fundamental reciprocal pricing structure","Morbi non quam nec dui luctus rutrum.","81","nature,health"
"Operative real-time definition","Donec odio justo, sollicitudin ut, suscipit a, feugiat et, eros. Vestibulum ac est lacinia nisi venenatis tristique. Fusce congue, diam id ornare imperdiet, sapien urna pretium nisl, ut volutpat sapien arcu sed augue. Aliquam erat volutpat. In congue.","78,60,54","job"
"Customizable 6th generation interface","Mauris sit amet eros. Suspendisse accumsan tortor quis turpis. Sed ante.","23,98,20","chess,health,friends,sport"
"Function-based neutral Graphical User Interface","Morbi odio odio, elementum eu, interdum eu, tincidunt in, leo. Maecenas pulvinar lobortis est.","76,10","chess"
"Polarised dynamic support","Maecenas rhoncus aliquam lacus. Morbi quis tortor id nulla ultrices aliquet. Maecenas leo odio, condimentum id, luctus nec, molestie sed, justo. Pellentesque viverra pede ac diam.","20","sport"
"Persistent exuding hardware","Morbi odio odio, elementum eu, interdum eu, tincidunt in, leo. Maecenas pulvinar lobortis est. Phasellus sit amet erat. Nulla tempus. Vivamus in felis eu sapien cursus vestibulum.","21,44","health"
"Reverse-engineered explicit focus group","Donec ut mauris eget massa tempor convallis. Nulla neque libero, convallis eget, eleifend luctus, ultricies eu, nibh. Quisque id justo sit amet sapien dignissim vestibulum. Vestibulum ante ipsum primis in faucibus orci luctus et ultrices posuere cubilia Curae; Nulla dapibus dolor vel est. Donec odio justo, sollicitudin ut, suscipit a, feugiat et, eros.","51,91,53","java"
"Profound attitude-oriented data-warehouse","Aenean fermentum.","18,11","sport,celebrity,chess"
"Switchable bandwidth-monitored paradigm","Aliquam augue quam, sollicitudin vitae, consectetuer eget, rutrum at, lorem. Integer tincidunt ante vel ipsum. Praesent blandit lacinia erat.","81,12","friends,sport,beauty,politics"
"Visionary background extranet","Nunc nisl. Duis bibendum, felis sed interdum venenatis, turpis enim blandit mi, in porttitor pede justo eu massa. Donec dapibus.","41,58","job"
"Reduced demand-driven implementation","Nullam sit amet turpis elementum ligula vehicula consequat. Morbi a ipsum.","72,68,76","music,job,job,friends"
"Grass-roots incremental installation","Maecenas tristique, est et tempus semper, est quam pharetra magna, ac consequat metus sapien ut nunc.","31,22","celebrity,art"
"Focused tangible internet solution","Etiam pretium iaculis justo. In hac habitasse platea dictumst. Etiam faucibus cursus urna.","74,66","health"
"Total maximized leverage","Suspendisse potenti. Cras in purus eu magna vulputate luctus. Cum sociis natoque penatibus et magnis dis parturient montes, nascetur ridiculus mus.","90,87","food"
"Enterprise-wide foreground focus group","Pellentesque at nulla.","5","soccer,religion"
"Visionary local secured line","Sed accumsan felis. Ut at dolor quis odio consequat varius. Integer ac leo. Pellentesque ultrices mattis odio.","68,88","food,friends"
"Object-based well-modulated application","Integer tincidunt ante vel ipsum. Praesent blandit lacinia erat. Vestibulum sed magna at nunc commodo placerat. Praesent blandit.","68","technology,job,gaming"
"Integrated demand-driven alliance","Pellentesque ultrices mattis odio.","98,46,38","friends,love,sport,celebrity"
"Adaptive bi-directional encryption","Pellentesque eget nunc. Donec quis orci eget orci vehicula condimentum. Curabitur in libero ut massa volutpat convallis. Morbi odio odio, elementum eu, interdum eu, tincidunt in, leo.","61,58,77","nature,music"
"Progressive bifurcated customer loyalty","In hac habitasse platea dictumst. Maecenas ut massa quis augue luctus tincidunt. Nulla mollis molestie lorem. Quisque ut erat. Curabitur gravida nisi at nibh.","20","nature,politics,nature"
"Implemented interactive interface","Nullam porttitor lacus at turpis. Donec posuere metus vitae ipsum. Aliquam non mauris.","81,63","java,politics,sport"
"Switchable even-keeled contingency","Duis bibendum. Morbi non quam nec dui luctus rutrum. Nulla tellus. In sagittis dui vel nisl. Duis ac nibh.","44,59","celebrity,politics,sport,nature"
"Managed needs-based secured line","Donec dapibus. Duis at velit eu est congue elementum. In hac habitasse platea dictumst.","96,80","art,java"
"Adaptive client-server implementation","Proin eu mi. Nulla ac enim.","2,56,51","gaming,nature,technology,beauty"
"Automated even-keeled conglomeration","Praesent id massa id nisl venenatis lacinia. Aenean sit amet justo. Morbi ut odio.","33","politics,music"
"Upgradable methodical paradigm","Integer ac leo. Pellentesque ultrices mattis odio. Donec vitae nisi.","21","technology,soccer"
"Profit-focused asynchronous open system","Cras non velit nec nisi vulputate nonummy. Maecenas tincidunt lacus at velit. Vivamus vel nulla eget eros elementum pellentesque. Quisque porta volutpat erat. Quisque erat eros, viverra eget, congue eget, semper rutrum, nulla.","96,38,77","nature"
"Vision-oriented empowering synergy","Vestibulum quam sapien, varius ut, blandit non, interdum in, ante. Vestibulum ante ipsum primis in faucibus orci luctus et ultrices posuere cubilia Curae; Duis faucibus accumsan odio.","76,42,64","politics,art,technology,sport"
"Persistent bifurcated customer loyalty","Vestibulum ante ipsum primis in faucibus orci luctus et ultrices posuere cubilia Curae; Duis faucibus accumsan odio. Curabitur convallis.","92,92,22","sport,love"
"Compatible real-time implementation","Integer tincidunt ante vel ipsum.","22,56","chess,job"
"Cross-platform fresh-thinking productivity","Integer ac neque. Duis bibendum. Morbi non quam nec dui luctus rutrum. Nulla tellus.","8,89","technology"
"Front-line national flexibility","Mauris lacinia sapien quis libero. Nullam sit amet turpis elementum ligula vehicula consequat. Morbi a ipsum. Integer a nibh. In quis justo.","19,87,44","soccer,music,job,soccer"
"Ameliorated incremental paradigm","Quisque erat eros, viverra eget, congue eget, semper rutrum, nulla. Nunc purus.","58,91,69","java,sport"
"Assimilated solution-oriented projection","Proin risus. Praesent lectus. Vestibulum quam sapien, varius ut, blandit non, interdum in, ante. Vestibulum ante ipsum primis in faucibus orci luctus et ultrices posuere cubilia Curae; Duis faucibus accumsan odio.","79,51","technology,nature,technology"
"Reverse-engineered demand-driven solution","Duis aliquam convallis nunc. Proin at turpis a pede posuere nonummy.","95,55","love,technology,sport,soccer"
"Virtual tertiary toolset","Morbi a ipsum. Integer a nibh. In quis justo.","70,97,14","java"
"Quality-focused eco-centric open architecture","Duis bibendum.","81,24,31","nature,sport,gaming,love"
"Managed tertiary capacity","Fusce posuere felis sed lacus. Morbi sem mauris, laoreet ut, rhoncus aliquet, pulvinar sed, nisl.","74,73,30","sport,job,job,job"
"Multi-channelled composite hierarchy","Etiam faucibus cursus urna. Ut tellus. Nulla ut erat id mauris vulputate elementum. Nullam varius. Nulla facilisi.","56,30,29","java,art,beauty,health"
"Fundamental multimedia function","Phasellus sit amet erat. Nulla tempus. Vivamus in felis eu sapien cursus vestibulum.","13,26,18","gaming,food,celebrity,celebrity"
"Quality-focused composite monitoring","Nulla justo. Aliquam quis turpis eget elit sodales scelerisque. Mauris sit amet eros. Suspendisse accumsan tortor quis turpis. Sed ante.","26,84","sport"
"Virtual client-driven service-desk","Vestibulum sed magna at nunc commodo placerat. Praesent blandit. Nam nulla.","91","politics,religion,nature"
"Enhanced disintermediate firmware","Aliquam sit amet diam in magna bibendum imperdiet. Nullam orci pede, venenatis non, sodales sed, tincidunt eu, felis. Fusce posuere felis sed lacus. Morbi sem mauris, laoreet ut, rhoncus aliquet, pulvinar sed, nisl. Nunc rhoncus dui vel sem.","44,94","art"
"Persevering bi-directional instruction set","Integer tincidunt ante vel ipsum. Praesent blandit lacinia erat. Vestibulum sed magna at nunc commodo placerat. Praesent blandit. Nam nulla.","33,25","technology,celebrity"
"Polarised tangible implementation","Integer ac neque.","47,48,2","job,chess,sport"
"Configurable value-added task-force","Mauris sit amet eros.","91,69,39","art,beauty"
"Polarised motivating conglomeration","Morbi a ipsum. Integer a nibh. In quis justo. Maecenas rhoncus aliquam lacus. Morbi quis tortor id nulla ultrices aliquet.","97","nature,soccer"
"Extended demand-driven open system","Praesent lectus. Vestibulum quam sapien, varius ut, blandit non, interdum in, ante. Vestibulum ante ipsum primis in faucibus orci luctus et ultrices posuere cubilia Curae; Duis faucibus accumsan odio. Curabitur convallis.","15","health"
"Automated encompassing open architecture","Cras in purus eu magna vulputate luctus. Cum sociis natoque penatibus et magnis dis parturient montes, nascetur ridiculus mus. Vivamus vestibulum sagittis sapien.","65,37","chess"
"Exclusive heuristic alliance","Phasellus sit amet erat. Nulla tempus. Vivamus in felis eu sapien cursus vestibulum. Proin eu mi. Nulla ac enim.","69,14","love,soccer,friends"
"Expanded tangible info-mediaries","Quisque erat eros, viverra eget, congue eget, semper rutrum, nulla. Nunc purus. Phasellus in felis. Donec semper sapien a libero. Nam dui.","15,70","love,job"
"Front-line intermediate time-frame","Pellentesque eget nunc. Donec quis orci eget orci vehicula condimentum. Curabitur in libero ut massa volutpat convallis. Morbi odio odio, elementum eu, interdum eu, tincidunt in, leo.","46,17,3","love"
"Ergonomic bandwidth-monitored throughput","Suspendisse accumsan tortor quis turpis.","91","job,music,beauty"
"Monitored systematic methodology","Praesent blandit. Nam nulla. Integer pede justo, lacinia eget, tincidunt eget, tempus vel, pede. Morbi porttitor lorem id ligula. Suspendisse ornare consequat lectus.","74","job,sport,chess"
"Front-line composite frame","Donec odio justo, sollicitudin ut, suscipit a, feugiat et, eros.","16,28,70","nature,beauty,technology"
"Open-source leading edge implementation","Ut tellus. Nulla ut erat id mauris vulputate elementum.","9,23","job,sport"
"Streamlined didactic structure","Proin leo odio, porttitor id, consequat in, consequat ut, nulla. Sed accumsan felis.","63,15,45","food,java,chess"
"Cross-platform dedicated leverage","Morbi vestibulum, velit id pretium iaculis, diam erat fermentum justo, nec condimentum neque sapien placerat ante. Nulla justo. Aliquam quis turpis eget elit sodales scelerisque. Mauris sit amet eros.","53,5,6","art"
"Extended upward-trending database","Vestibulum sed magna at nunc commodo placerat. Praesent blandit.","61,14","food"
"Distributed transitional collaboration","Etiam vel augue.","33,23,72","nature"
"Progressive 4th generation frame","Mauris lacinia sapien quis libero.","29,64","job,celebrity"
"Multi-channelled tangible algorithm","Curabitur gravida nisi at nibh. In hac habitasse platea dictumst. Aliquam augue quam, sollicitudin vitae, consectetuer eget, rutrum at, lorem.","13,11,10","friends"
"Quality-focused logistical software","Nullam sit amet turpis elementum ligula vehicula consequat. Morbi a ipsum. Integer a nibh. In quis justo. Maecenas rhoncus aliquam lacus.","69,15","gaming,beauty,beauty,music"
"Business-focused empowering attitude","Cum sociis natoque penatibus et magnis dis parturient montes, nascetur ridiculus mus. Etiam vel augue. Vestibulum rutrum rutrum neque. Aenean auctor gravida sem. Praesent id massa id nisl venenatis lacinia.","53,40,25","soccer"
"Organic explicit project","Etiam vel augue. Vestibulum rutrum rutrum neque. Aenean auctor gravida sem. Praesent id massa id nisl venenatis lacinia. Aenean sit amet justo.","51,97","love,politics"
"Streamlined grid-enabled monitoring","Morbi non quam nec dui luctus rutrum. Nulla tellus. In sagittis dui vel nisl. Duis ac nibh.","18,47,91","religion"
"Robust high-level synergy","Donec ut mauris eget massa tempor convallis. Nulla neque libero, convallis eget, eleifend luctus, ultricies eu, nibh.","58,22","friends"
"Grass-roots user-facing time-frame","Vestibulum sed magna at nunc commodo placerat. Praesent blandit. Nam nulla.","67","nature"
"Team-oriented zero tolerance info-mediaries","Nulla suscipit ligula in lacus. Curabitur at ipsum ac tellus semper interdum. Mauris ullamcorper purus sit amet nulla. Quisque arcu libero, rutrum ac, lobortis vel, dapibus at, diam. Nam tristique tortor eu pede.","4,84","nature,religion"
"Organized multi-tasking application","Nullam varius. Nulla facilisi.","53","love,nature"
"Expanded discrete function","In hac habitasse platea dictumst. Morbi vestibulum, velit id pretium iaculis, diam erat fermentum justo, nec condimentum neque sapien placerat ante. Nulla justo.","85","java"
"Managed maximized knowledge base","Fusce posuere felis sed lacus. Morbi sem mauris, laoreet ut, rhoncus aliquet, pulvinar sed, nisl. Nunc rhoncus dui vel sem. Sed sagittis.","54,61,70","beauty,food"
"Focused stable contingency","Duis at velit eu est congue elementum. In hac habitasse platea dictumst.","94","music"
"Enterprise-wide motivating orchestration","Maecenas leo odio, condimentum id, luctus nec, molestie sed, justo. Pellentesque viverra pede ac diam. Cras pellentesque volutpat dui.","73","food"
"Robust bandwidth-monitored challenge","In est risus, auctor sed, tristique in, tempus sit amet, sem. Fusce consequat. Nulla nisl. Nunc nisl. Duis bibendum, felis sed interdum venenatis, turpis enim blandit mi, in porttitor pede justo eu massa.","79,61,78","politics,nature,love"
"Universal system-worthy info-mediaries","Curabitur gravida nisi at nibh. In hac habitasse platea dictumst. Aliquam augue quam, sollicitudin vitae, consectetuer eget, rutrum at, lorem. Integer tincidunt ante vel ipsum. Praesent blandit lacinia erat.","83","celebrity,gaming,health"
"Progressive even-keeled system engine","Cum sociis natoque penatibus et magnis dis parturient montes, nascetur ridiculus mus. Etiam vel augue. Vestibulum rutrum rutrum neque. Aenean auctor gravida sem. Praesent id massa id nisl venenatis lacinia.","44,67","soccer,religion"
"Customizable mission-critical focus group","Proin risus.","47,55,35","java,health,love,health"
"Enterprise-wide methodical monitoring","Fusce lacus purus, aliquet at, feugiat non, pretium quis, lectus. Suspendisse potenti. In eleifend quam a odio. In hac habitasse platea dictumst.","53,96","love,music,art"
"Re-contextualized composite process improvement","Nam dui.","84,36,89","religion"
